Danceability,Tempo,Instrumentalness,Energy,Acousticness,Valence,Liveness,Loudness,Speechiness,Label
0.567,116.362,0.000309,0.388,0.782,0.452,0.248,-9.579,0.0384,2
0.489,134.045,0.0,0.598,0.218,0.172,0.35,-4.929,0.036,2
0.759,96.992,0.000154,0.245,0.515,0.209,0.102,-6.545,0.138,2
0.704,120.006,0.657,0.225,0.902,0.243,0.106,-14.454,0.0994,2
0.541,84.832,0.00145,0.646,0.558,0.47,0.101,-6.451,0.226,2
0.664,119.973,5.75e-05,0.738,0.188,0.203,0.135,-4.095,0.0338,2
0.451,108.99,0.194,0.499,0.0706,0.187,0.116,-6.016,0.0269,2
0.561,102.128,2.62e-05,0.0848,0.913,0.206,0.112,-15.099,0.0404,2
0.873,119.997,0.0,0.473,0.254,0.465,0.111,-6.529,0.0484,2
0.351,115.284,0.0,0.296,0.934,0.12,0.095,-10.109,0.0333,2
0.53,105.003,0.000601,0.362,0.0258,0.21,0.101,-7.078,0.0272,2
0.451,141.475,7.71e-06,0.159,0.941,0.229,0.12,-10.443,0.0487,2
0.468,79.82,2.12e-05,0.428,0.459,0.176,0.204,-10.775,0.0343,2
0.72,98.925,0.00016,0.316,0.803,0.442,0.154,-12.532,0.0414,2
0.263,83.825,2.96e-05,0.353,0.872,0.33,0.0786,-7.152,0.028,2
0.319,79.764,0.00384,0.0561,0.935,0.082,0.388,-23.023,0.045,2
0.509,67.604,0.0,0.158,0.606,0.327,0.101,-16.141,0.0356,2
0.554,130.11,0.397,0.318,0.289,0.0565,0.123,-13.288,0.0392,2
0.518,160.005,0.256,0.572,0.00715,0.347,0.139,-9.037,0.0291,2
0.486,75.664,0.0,0.267,0.869,0.21,0.156,-11.511,0.0535,2
0.413,107.641,0.000624,0.514,0.349,0.148,0.0807,-7.934,0.0327,2
0.367,82.642,3.97e-05,0.111,0.978,0.198,0.0897,-14.084,0.0972,2
0.331,134.546,0.00194,0.209,0.742,0.105,0.113,-12.15,0.0299,2
0.376,148.835,0.00162,0.473,0.00527,0.0398,0.123,-5.636,0.0325,2
0.47,71.328,0.00137,0.125,0.928,0.117,0.145,-18.941,0.0431,2
0.641,159.884,0.185,0.475,0.504,0.466,0.126,-10.888,0.0364,2
0.634,122.015,0.000805,0.529,0.784,0.451,0.0902,-10.026,0.0284,2
0.618,144.963,0.0,0.292,0.756,0.486,0.114,-10.826,0.0422,2
0.735,121.011,0.871,0.686,0.00108,0.0656,0.0933,-7.562,0.0366,2
0.662,147.997,0.0,0.714,0.312,0.464,0.179,-5.68,0.121,2
0.653,100.168,0.0,0.198,0.933,0.286,0.12,-10.538,0.0295,2
0.714,115.968,0.00117,0.201,0.901,0.25,0.0709,-10.914,0.0344,2
0.481,130.029,0.0,0.285,0.9,0.316,0.123,-10.848,0.0424,2
0.385,58.568,0.0491,0.0596,0.96,0.318,0.276,-22.701,0.0441,2
0.417,179.801,0.0,0.498,0.838,0.37,0.0748,-6.077,0.0845,2
0.664,118.253,0.0,0.753,0.057,0.54,0.088,-3.589,0.0323,2
0.482,99.365,6.16e-06,0.24,0.937,0.169,0.125,-12.191,0.0311,2
0.47,152.013,1.32e-06,0.351,0.757,0.392,0.556,-9.385,0.034,2
0.484,134.041,0.000362,0.0923,0.97,0.249,0.0649,-9.923,0.0486,2
0.357,145.743,0.00654,0.434,0.244,0.0907,0.0808,-11.521,0.0418,2
0.32,177.4,0.0,0.295,0.691,0.171,0.129,-11.263,0.052,2
0.287,80.253,9.1e-05,0.481,0.418,0.356,0.108,-7.514,0.03,2
0.616,135.187,7.83e-06,0.302,0.92,0.205,0.165,-8.767,0.0619,2
0.252,95.405,0.359,0.292,0.117,0.195,0.414,-12.303,0.0282,2
0.534,145.697,8.36e-05,0.209,0.837,0.291,0.111,-11.883,0.034,2
0.669,152.676,0.0,0.138,0.766,0.561,0.0924,-13.504,0.0534,2
0.304,115.712,7.71e-05,0.183,0.893,0.296,0.0927,-11.836,0.0321,2
0.578,139.442,0.0,0.731,0.243,0.501,0.112,-5.966,0.0922,2
0.496,121.52,0.0,0.27,0.843,0.234,0.114,-9.932,0.0361,2
0.65,119.522,0.0,0.171,0.921,0.284,0.127,-9.005,0.0519,2
0.534,140.632,0.0126,0.434,0.0932,0.0395,0.142,-9.423,0.0277,2
0.483,86.856,0.0,0.271,0.835,0.134,0.13,-10.981,0.0569,2
0.447,131.324,0.0,0.126,0.565,0.109,0.0762,-19.511,0.0334,2
0.592,109.978,1.84e-05,0.348,0.193,0.0614,0.117,-6.704,0.0249,2
0.533,122.062,0.00815,0.587,0.37,0.356,0.0956,-9.243,0.0399,2
0.631,119.636,0.0,0.609,0.565,0.38,0.635,-7.394,0.0886,2
0.313,77.27,0.0,0.429,0.787,0.416,0.0863,-7.415,0.0343,2
0.62,129.979,0.0136,0.193,0.638,0.155,0.107,-13.404,0.0439,2
0.638,98.367,0.0,0.25,0.865,0.319,0.11,-5.854,0.0403,2
0.568,73.331,0.000155,0.046,0.968,0.177,0.1,-17.929,0.0603,2
0.492,92.6,0.0,0.275,0.687,0.18,0.101,-13.4,0.3,2
0.4,85.593,0.0985,0.106,0.909,0.0791,0.165,-16.051,0.0398,2
0.435,128.532,0.0,0.155,0.873,0.0935,0.107,-8.948,0.046,2
0.674,123.932,0.0,0.449,0.566,0.159,0.133,-6.706,0.0317,2
0.6,119.994,0.0,0.653,0.0953,0.43,0.122,-8.309,0.0594,2
0.5,130.148,0.0,0.164,0.964,0.429,0.119,-9.29,0.0398,2
0.451,57.523,0.0,0.452,0.439,0.386,0.478,-9.363,0.0574,2
0.396,137.149,0.105,0.0695,0.967,0.0391,0.0996,-20.337,0.0399,2
0.675,139.979,6.64e-05,0.413,0.715,0.206,0.104,-8.051,0.0351,2
0.528,127.872,0.0014,0.271,0.93,0.221,0.0956,-8.771,0.0354,2
0.486,140.0,0.105,0.659,0.31,0.173,0.108,-5.978,0.0305,2
0.365,130.025,0.247,0.487,0.778,0.199,0.147,-9.919,0.033,2
0.222,186.108,0.00772,0.355,0.43,0.48,0.0923,-10.173,0.0309,2
0.483,78.248,0.0,0.209,0.777,0.184,0.114,-10.771,0.0324,2
0.574,130.993,0.0,0.329,0.22,0.356,0.0986,-6.829,0.0274,2
0.764,123.98,0.0013,0.326,0.731,0.237,0.24,-9.883,0.0342,2
0.608,99.531,0.00121,0.443,0.628,0.358,0.123,-10.705,0.0241,2
0.732,120.013,0.0,0.605,0.201,0.26,0.129,-7.307,0.0401,2
0.718,117.99,3.47e-05,0.237,0.348,0.123,0.11,-9.925,0.0308,2
0.568,72.991,0.102,0.569,0.0004,0.266,0.342,-6.013,0.0329,2
0.494,115.117,5.58e-05,0.267,0.935,0.166,0.128,-11.54,0.0308,2
0.393,167.999,0.0,0.555,0.405,0.22,0.105,-6.096,0.276,2
0.761,100.003,0.000579,0.703,0.0244,0.313,0.0761,-5.852,0.0648,2
0.512,147.89,0.0,0.754,0.135,0.336,0.0881,-6.031,0.055,2
0.477,118.855,0.000754,0.108,0.978,0.242,0.153,-16.484,0.0446,2
0.451,166.598,2.46e-06,0.0873,0.907,0.456,0.354,-16.815,0.063,2
0.48,86.149,1.47e-05,0.31,0.312,0.16,0.113,-7.887,0.0258,2
0.51,130.081,3.22e-06,0.643,0.214,0.0397,0.101,-6.602,0.0485,2
0.572,164.252,7.41e-06,0.721,0.187,0.844,0.216,-8.959,0.0402,2
0.422,114.089,7.83e-05,0.302,0.629,0.123,0.104,-9.214,0.0372,2
0.196,136.896,0.83,0.112,0.429,0.0431,0.115,-11.31,0.039,2
0.545,86.997,0.267,0.366,0.969,0.1,0.641,-9.51,0.0378,2
0.546,133.188,0.0,0.657,0.0928,0.361,0.119,-4.787,0.0332,2
0.453,149.95,1.8e-06,0.377,0.635,0.222,0.099,-8.466,0.0896,2
0.353,118.467,0.0244,0.185,0.92,0.175,0.106,-12.557,0.0388,2
0.593,133.088,0.0,0.259,0.937,0.267,0.112,-9.229,0.0401,2
0.472,121.457,3.81e-06,0.166,0.891,0.225,0.0964,-13.277,0.0349,2
0.423,98.489,1.4e-06,0.0657,0.928,0.105,0.0922,-14.421,0.0386,2
0.565,75.055,0.0,0.245,0.781,0.307,0.0998,-9.132,0.0262,2
0.455,84.339,0.0,0.292,0.889,0.43,0.106,-6.792,0.0563,2
0.441,94.021,0.0,0.219,0.935,0.244,0.115,-14.586,0.0419,2
0.726,115.918,0.0,0.408,0.603,0.459,0.225,-6.606,0.0614,2
0.61,146.163,0.0,0.725,0.367,0.291,0.154,-5.131,0.15,2
0.53,160.14,0.0,0.433,0.108,0.274,0.135,-10.598,0.185,2
0.703,147.038,3.13e-06,0.573,0.565,0.491,0.0987,-9.032,0.0724,2
0.761,97.013,0.000275,0.247,0.51,0.262,0.0968,-6.597,0.145,2
0.739,81.044,0.0,0.448,0.189,0.553,0.118,-10.28,0.138,2
0.738,94.378,0.0,0.491,0.626,0.448,0.126,-9.726,0.413,2
0.675,90.029,0.00268,0.5,0.00372,0.0709,0.114,-6.6,0.0516,2
0.623,158.273,0.000155,0.585,0.0628,0.538,0.119,-7.895,0.124,2
0.616,79.826,0.0,0.204,0.919,0.419,0.106,-11.421,0.0331,2
0.716,131.975,0.0,0.729,0.0991,0.276,0.0842,-6.313,0.117,2
0.783,144.989,0.0,0.524,0.0404,0.153,0.087,-6.828,0.115,2
0.692,91.917,0.0,0.57,0.666,0.309,0.107,-8.077,0.185,2
0.684,81.0,0.000311,0.603,0.0275,0.504,0.191,-8.127,0.0989,2
0.656,97.022,0.0,0.432,0.443,0.0897,0.132,-9.481,0.217,2
0.749,90.028,0.0371,0.463,0.208,0.19,0.337,-8.433,0.0828,2
0.547,105.027,0.786,0.294,0.0607,0.11,0.0933,-10.202,0.0482,2
0.693,87.911,0.000465,0.489,0.112,0.435,0.0819,-9.811,0.0901,2
0.586,133.629,0.0,0.525,0.111,0.508,0.134,-7.163,0.0615,2
0.721,129.83,0.00153,0.339,0.409,0.2,0.0973,-11.195,0.0532,2
0.689,117.489,0.000905,0.394,0.711,0.382,0.0859,-10.102,0.065,2
0.545,103.553,7e-06,0.33,0.64,0.399,0.22,-11.719,0.164,2
0.556,143.95,0.0,0.538,0.0689,0.291,0.196,-5.408,0.0382,2
0.765,97.001,0.0,0.356,0.222,0.19,0.0963,-5.556,0.196,2
0.397,101.275,6.78e-05,0.172,0.841,0.123,0.108,-15.698,0.0445,2
0.524,75.24,0.0,0.364,0.808,0.436,0.1,-10.209,0.0367,2
0.61,192.099,0.000103,0.458,0.696,0.246,0.0852,-11.336,0.36,2
0.772,118.902,0.00612,0.256,0.491,0.357,0.144,-8.545,0.0481,2
0.6,141.96,0.00958,0.319,0.692,0.507,0.137,-10.272,0.294,2
0.655,75.003,5.36e-05,0.178,0.576,0.128,0.097,-12.522,0.0635,2
0.807,84.98,2.55e-06,0.346,0.0538,0.0608,0.087,-10.275,0.0613,2
0.766,116.02,0.0,0.271,0.037,0.0371,0.175,-5.697,0.0412,2
0.8,126.058,0.0,0.585,0.264,0.779,0.153,-7.343,0.0924,2
0.654,139.886,2.14e-05,0.325,0.74,0.39,0.152,-11.925,0.282,2
0.412,168.068,0.00124,0.254,0.649,0.332,0.0841,-17.448,0.0964,2
0.62,124.609,0.0,0.282,0.694,0.193,0.119,-10.533,0.0464,2
0.505,95.063,0.0,0.397,0.716,0.558,0.0853,-9.349,0.324,2
0.746,101.018,0.0,0.538,0.389,0.516,0.139,-6.479,0.32,2
0.658,114.078,5.27e-06,0.591,0.00959,0.326,0.325,-5.197,0.0309,2
0.699,98.04,1.17e-05,0.601,0.0972,0.434,0.562,-6.48,0.0304,2
0.659,74.037,6.95e-05,0.295,0.426,0.36,0.0795,-8.528,0.0322,2
0.766,97.04,0.0172,0.283,0.111,0.144,0.115,-10.33,0.0846,2
0.792,139.917,4.25e-05,0.605,0.00881,0.239,0.104,-6.566,0.0393,2
0.766,82.944,5.57e-06,0.548,0.775,0.424,0.1,-4.29,0.235,2
0.69,99.906,0.000144,0.235,0.618,0.378,0.107,-8.651,0.0541,2
0.41,77.226,0.0,0.726,0.203,0.552,0.107,-3.845,0.15,2
0.484,184.131,0.00214,0.716,0.3,0.365,0.112,-7.193,0.167,2
0.656,94.514,0.0,0.578,0.235,0.556,0.118,-8.97,0.0922,2
0.568,79.697,0.000618,0.368,0.321,0.0544,0.121,-12.486,0.447,2
0.769,123.954,0.000186,0.511,0.885,0.507,0.106,-6.673,0.0609,2
0.764,80.047,0.0249,0.262,0.455,0.29,0.104,-17.074,0.446,2
0.763,93.5,0.000689,0.516,0.0542,0.363,0.162,-9.267,0.115,2
0.472,111.558,0.000499,0.265,0.959,0.204,0.1,-10.059,0.0356,2
0.497,163.814,0.00167,0.489,0.111,0.0348,0.0912,-7.849,0.0413,2
0.422,57.0,0.00024,0.349,0.339,0.134,0.108,-12.424,0.315,2
0.828,133.999,0.000903,0.581,0.0423,0.145,0.109,-2.659,0.0429,2
0.538,132.639,0.0,0.449,0.344,0.27,0.157,-8.078,0.0463,2
0.652,120.073,0.0,0.549,0.317,0.186,0.104,-7.555,0.039,2
0.575,144.982,0.0,0.714,0.395,0.32,0.115,-5.247,0.0596,2
0.624,76.669,0.0,0.424,0.284,0.584,0.173,-8.237,0.24,2
0.694,119.906,2.04e-06,0.314,0.612,0.338,0.117,-7.82,0.117,2
0.709,122.043,0.0,0.362,0.157,0.113,0.109,-9.814,0.055,2
0.468,108.367,0.0,0.438,0.563,0.344,0.181,-8.227,0.0697,2
0.524,121.874,0.00131,0.468,0.099,0.149,0.112,-9.73,0.223,2
0.586,126.51,0.0,0.525,0.0705,0.491,0.0729,-8.968,0.498,2
0.722,91.367,0.00557,0.282,0.373,0.217,0.147,-7.484,0.106,2
0.566,143.015,0.0,0.465,0.0555,0.177,0.567,-11.714,0.235,2
0.537,96.931,0.0,0.528,0.0874,0.124,0.0855,-7.666,0.208,2
0.454,127.638,2.1e-06,0.791,0.107,0.791,0.108,-6.013,0.335,2
0.543,137.811,0.000239,0.394,0.695,0.118,0.108,-9.637,0.0864,2
0.598,120.06,0.138,0.252,0.193,0.0352,0.0992,-15.086,0.0647,2
0.585,132.986,9.54e-06,0.421,0.106,0.24,0.14,-9.593,0.0707,2
0.718,132.995,0.0,0.805,0.279,0.36,0.527,-5.257,0.325,2
0.588,193.893,7.55e-06,0.674,0.0319,0.198,0.122,-7.083,0.171,2
0.689,95.055,8.41e-05,0.521,0.119,0.178,0.108,-5.845,0.132,2
0.649,99.967,0.0,0.478,0.274,0.151,0.176,-7.503,0.0481,2
0.671,117.96,3.98e-05,0.672,0.103,0.186,0.074,-9.188,0.12,2
0.449,134.144,0.0,0.599,0.211,0.165,0.327,-4.892,0.0369,2
0.627,120.065,0.0464,0.187,0.949,0.266,0.0886,-16.576,0.0427,2
0.654,88.903,0.0,0.235,0.819,0.061,0.0891,-11.292,0.159,2
0.393,124.653,0.0137,0.0488,0.493,0.246,0.107,-16.975,0.0385,2
0.629,85.023,5.66e-06,0.584,0.0374,0.442,0.155,-7.846,0.0258,2
0.367,82.642,3.97e-05,0.111,0.978,0.198,0.0897,-14.084,0.0972,2
0.518,160.005,0.256,0.572,0.00715,0.347,0.139,-9.037,0.0291,2
0.526,164.938,6.54e-05,0.561,0.0929,0.293,0.103,-8.27,0.0429,2
0.681,124.038,0.0,0.582,0.22,0.221,0.119,-7.76,0.0313,2
0.626,102.169,3.55e-06,0.412,0.417,0.209,0.048,-7.339,0.0292,2
0.318,74.388,0.322,0.138,0.894,0.103,0.0861,-13.81,0.0298,2
0.436,117.482,0.00208,0.288,0.746,0.268,0.098,-10.726,0.0315,2
0.434,136.924,0.000164,0.286,0.533,0.122,0.105,-10.803,0.0296,2
0.252,75.056,0.676,0.314,0.942,0.2,0.0892,-18.197,0.0407,2
0.493,133.65,0.00134,0.414,0.0319,0.426,0.0878,-9.372,0.0258,2
0.426,56.968,0.0,0.445,0.183,0.347,0.661,-5.776,0.169,2
0.215,111.729,0.00474,0.414,0.469,0.137,0.0539,-9.042,0.0373,2
0.684,138.014,0.0,0.259,0.743,0.0515,0.0751,-11.053,0.049,2
0.287,80.253,9.1e-05,0.481,0.418,0.356,0.108,-7.514,0.03,2
0.671,94.08,0.0518,0.156,0.804,0.201,0.113,-16.288,0.0371,2
0.436,108.967,0.0,0.122,0.966,0.278,0.128,-10.947,0.0434,2
0.42,94.93,0.0,0.658,0.597,0.196,0.103,-6.72,0.094,2
0.464,89.607,0.441,0.251,0.987,0.487,0.109,-11.393,0.0323,2
0.557,99.898,0.0,0.16,0.737,0.253,0.0913,-13.373,0.0454,2
0.65,119.522,0.0,0.171,0.921,0.284,0.127,-9.005,0.0519,2
0.37,92.349,0.000563,0.237,0.725,0.255,0.111,-10.533,0.0271,2
0.313,77.27,0.0,0.429,0.787,0.416,0.0863,-7.415,0.0343,2
0.567,125.16,0.000342,0.542,0.309,0.229,0.0734,-6.64,0.0309,2
0.315,206.727,0.000377,0.224,0.863,0.0727,0.109,-11.94,0.0406,2
0.492,92.6,0.0,0.275,0.687,0.18,0.101,-13.4,0.3,2
0.435,128.532,0.0,0.155,0.873,0.0935,0.107,-8.948,0.046,2
0.596,107.891,0.000183,0.2,0.91,0.308,0.0884,-10.424,0.0305,2
0.393,136.938,0.105,0.0668,0.963,0.0384,0.107,-20.755,0.0404,2
0.462,89.868,0.0404,0.217,0.133,0.232,0.129,-15.251,0.0424,2
0.447,136.87,0.0,0.257,0.912,0.32,0.117,-9.172,0.0394,2
0.511,112.379,1.03e-05,0.304,0.845,0.195,0.0741,-11.096,0.0279,2
0.641,139.028,0.0,0.607,0.164,0.512,0.261,-5.318,0.0622,2
0.621,111.893,6.12e-05,0.31,0.945,0.125,0.117,-10.164,0.0283,2
0.558,80.259,0.0,0.136,0.799,0.141,0.1,-11.731,0.0337,2
0.649,150.036,0.0,0.548,0.733,0.506,0.136,-5.692,0.0318,2
0.492,127.716,0.0,0.189,0.95,0.259,0.266,-6.545,0.0397,2
0.576,150.017,0.0,0.835,0.337,0.476,0.082,-6.826,0.0486,2
0.678,125.066,0.358,0.0813,0.978,0.304,0.123,-22.859,0.0406,2
0.689,124.548,1.89e-05,0.403,0.752,0.124,0.12,-9.099,0.0405,2
0.144,173.687,0.426,0.31,0.823,0.0903,0.613,-14.214,0.031,2
0.405,119.85,0.0,0.279,0.881,0.256,0.0933,-8.099,0.0334,2
0.515,155.954,0.0,0.714,0.286,0.495,0.118,-4.516,0.0348,2
0.399,173.459,0.000114,0.646,0.37,0.243,0.232,-6.991,0.0369,2
0.52,139.555,0.000131,0.253,0.394,0.219,0.109,-12.407,0.0344,2
0.604,119.609,1.38e-05,0.098,0.978,0.14,0.102,-20.877,0.109,2
0.627,120.065,0.0464,0.187,0.949,0.266,0.0886,-16.576,0.0427,2
0.432,89.865,5.25e-06,0.038,0.944,0.311,0.384,-16.77,0.041,2
0.708,72.541,0.0,0.186,0.868,0.321,0.0779,-8.953,0.0422,2
0.421,137.446,0.00453,0.131,0.952,0.12,0.109,-18.435,0.0382,2
0.46,98.329,1.98e-05,0.0834,0.909,0.21,0.112,-15.095,0.0433,2
0.556,143.95,0.0,0.538,0.0689,0.291,0.196,-5.408,0.0382,2
0.287,136.126,0.0,0.345,0.756,0.309,0.239,-7.827,0.0296,2
0.378,75.363,0.0,0.461,0.627,0.232,0.386,-6.202,0.0275,2
0.453,169.316,0.0,0.209,0.587,0.216,0.119,-11.917,0.223,2
0.505,131.988,0.0,0.537,0.137,0.194,0.145,-5.532,0.0278,2
0.559,74.002,1.99e-06,0.422,0.701,0.191,0.0853,-11.89,0.195,2
0.463,84.175,0.0,0.24,0.541,0.245,0.165,-6.448,0.0606,2
0.561,143.027,0.0,0.0587,0.95,0.342,0.0828,-17.819,0.0762,2
0.551,143.978,0.0,0.195,0.489,0.0573,0.0818,-13.638,0.085,2
0.55,148.062,6.88e-05,0.611,0.162,0.243,0.121,-7.475,0.137,2
0.455,118.499,0.0,0.228,0.836,0.142,0.106,-12.343,0.0364,2
0.512,85.82,0.0,0.184,0.866,0.37,0.284,-8.812,0.0587,2
0.784,105.034,0.000196,0.278,0.918,0.741,0.112,-10.745,0.041,2
0.702,82.008,0.0,0.508,0.144,0.143,0.108,-7.105,0.035,2
0.629,74.953,2.96e-05,0.327,0.761,0.381,0.103,-8.285,0.029,2
0.376,77.599,0.0,0.43,0.0902,0.129,0.0912,-6.585,0.0328,2
0.317,139.014,0.0,0.545,0.039,0.14,0.116,-6.439,0.0469,2
0.417,174.004,0.172,0.362,0.974,0.12,0.631,-11.109,0.0409,2
0.584,90.051,0.0,0.42,0.236,0.283,0.119,-7.827,0.0322,2
0.543,142.851,2.6e-05,0.483,0.285,0.183,0.155,-8.222,0.0697,2
0.636,151.148,0.0,0.661,0.527,0.694,0.18,-5.217,0.05,2
0.501,109.891,0.0,0.405,0.751,0.446,0.105,-5.679,0.0319,2
0.698,152.117,0.0167,0.346,0.622,0.492,0.104,-7.939,0.0475,2
0.567,110.011,1.46e-06,0.267,0.839,0.0592,0.089,-6.502,0.0299,2
0.602,73.877,0.0,0.377,0.731,0.518,0.0808,-6.213,0.0446,2
0.487,85.985,0.0,0.5,0.212,0.31,0.117,-6.87,0.0277,2
0.708,142.925,0.000138,0.489,0.665,0.771,0.302,-7.608,0.0366,2
0.445,171.715,0.0,0.415,0.413,0.389,0.0978,-8.406,0.0382,2
0.218,76.74,0.0847,0.215,0.967,0.138,0.0948,-12.49,0.0368,2
0.708,98.892,9.24e-05,0.322,0.747,0.46,0.137,-12.46,0.0371,2
0.926,128.003,7.78e-05,0.418,0.37,0.335,0.158,-8.154,0.0471,2
0.706,83.998,0.000334,0.545,0.426,0.455,0.0867,-8.191,0.0561,2
0.772,118.902,0.00612,0.256,0.491,0.357,0.144,-8.545,0.0481,2
0.557,129.98,0.0,0.387,0.876,0.317,0.111,-6.338,0.0374,2
0.688,106.958,0.0,0.53,0.443,0.162,0.0995,-5.507,0.0333,2
0.418,73.538,0.0211,0.124,0.79,0.0412,0.102,-16.399,0.0559,2
0.402,144.293,0.0,0.151,0.907,0.483,0.0941,-14.227,0.0395,2
0.764,91.019,0.0,0.32,0.837,0.575,0.0822,-7.209,0.0546,2
0.562,139.933,1.16e-06,0.219,0.372,0.156,0.0921,-8.089,0.0328,2
0.319,79.764,0.00384,0.0561,0.935,0.082,0.388,-23.023,0.045,2
0.499,111.956,0.00123,0.181,0.745,0.0747,0.106,-15.359,0.0429,2
0.505,101.993,0.0,0.34,0.576,0.0916,0.21,-9.005,0.0438,2
0.347,82.882,0.00287,0.209,0.893,0.0735,0.138,-11.152,0.0273,2
0.732,95.971,0.0,0.463,0.374,0.397,0.194,-6.972,0.0287,2
0.551,98.348,0.0,0.0754,0.957,0.239,0.154,-14.203,0.059,2
0.515,88.964,0.00598,0.479,0.544,0.284,0.191,-7.458,0.0261,2
0.669,64.934,0.0,0.308,0.883,0.52,0.0984,-10.068,0.029,2
0.539,136.846,1.46e-05,0.601,0.467,0.0982,0.122,-7.119,0.0378,2
0.533,143.263,0.0,0.437,0.885,0.48,0.106,-7.659,0.162,2
0.535,130.133,0.00338,0.245,0.743,0.238,0.298,-12.53,0.0363,2
0.591,185.652,0.000246,0.237,0.801,0.212,0.0928,-9.06,0.042,2
0.789,110.527,3.92e-05,0.212,0.853,0.25,0.107,-11.85,0.0488,2
0.567,84.112,1.22e-06,0.357,0.754,0.372,0.13,-8.201,0.032,2
0.443,77.342,0.0,0.533,0.371,0.201,0.128,-6.549,0.0396,2
0.634,77.77,0.0,0.153,0.952,0.318,0.134,-14.409,0.0622,2
0.57,74.716,0.0,0.638,0.571,0.489,0.0906,-8.852,0.303,2
0.663,78.033,1.7e-06,0.387,0.482,0.286,0.137,-10.385,0.0629,2
0.503,174.062,0.0,0.446,0.904,0.476,0.303,-6.279,0.0547,2
0.356,107.057,0.0,0.205,0.756,0.177,0.0916,-7.617,0.0304,2
0.569,146.846,0.0,0.457,0.617,0.306,0.356,-7.708,0.441,2
0.455,134.093,0.0,0.386,0.623,0.418,0.102,-10.883,0.0675,2
0.375,147.989,0.303,0.304,0.943,0.147,0.126,-14.52,0.0302,2
0.652,150.073,0.0,0.557,0.74,0.483,0.124,-5.714,0.0318,2
0.527,117.319,0.0,0.538,0.468,0.389,0.0825,-7.434,0.104,2
0.492,164.839,1.84e-06,0.144,0.965,0.274,0.161,-10.125,0.0708,2
0.66,81.997,0.0,0.395,0.873,0.678,0.112,-5.242,0.0333,2
0.63,80.512,0.0,0.63,0.0131,0.163,0.142,-6.211,0.0395,2
0.804,120.0,0.0,0.479,0.494,0.462,0.0994,-6.661,0.0321,2
0.572,109.923,0.000137,0.155,0.835,0.0949,0.0906,-14.405,0.0344,2
0.587,75.67,0.0,0.229,0.92,0.379,0.1,-11.254,0.128,2
0.52,141.894,0.00187,0.538,0.367,0.177,0.119,-8.109,0.206,2
0.685,90.011,3.97e-05,0.464,0.138,0.0559,0.111,-9.931,0.0579,2
0.58,108.048,0.000139,0.662,0.124,0.403,0.138,-6.208,0.0594,2
0.645,84.999,0.266,0.568,0.543,0.391,0.257,-9.127,0.0823,2
0.625,77.01,6.88e-06,0.239,0.846,0.246,0.13,-14.651,0.0309,2
0.613,104.966,0.0,0.739,0.526,0.712,0.149,-6.478,0.0311,2
0.671,149.87,2.16e-05,0.763,0.607,0.469,0.495,-5.877,0.305,2
0.385,122.177,0.0445,0.371,0.941,0.0796,0.108,-13.365,0.0504,2
0.437,147.911,0.0599,0.229,0.221,0.0754,0.0935,-10.514,0.0308,2
0.526,147.894,0.0,0.446,0.368,0.522,0.0728,-7.535,0.194,2
0.596,126.253,0.000299,0.243,0.978,0.374,0.0907,-11.759,0.0471,2
0.518,93.024,0.0,0.465,0.834,0.302,0.203,-5.903,0.0273,2
0.478,75.285,0.216,0.241,0.716,0.11,0.354,-17.122,0.0386,2
0.795,119.999,0.00746,0.695,0.324,0.418,0.107,-9.097,0.0384,2
0.546,152.994,8.84e-06,0.764,0.0803,0.355,0.0971,-4.641,0.053,2
0.71,113.993,0.000391,0.436,0.107,0.2,0.118,-9.241,0.0769,2
0.516,124.989,0.766,0.888,0.182,0.0394,0.0983,-10.282,0.0328,2
0.624,109.982,0.000979,0.706,0.523,0.412,0.119,-7.435,0.0353,2
0.536,100.055,0.0019,0.591,0.718,0.293,0.113,-6.233,0.0597,2
0.541,156.027,0.0205,0.432,0.247,0.171,0.0423,-7.348,0.0698,2
0.451,92.93,3.77e-06,0.402,0.597,0.129,0.294,-4.63,0.0286,2
0.412,128.174,3.35e-06,0.671,0.0137,0.112,0.192,-6.545,0.0563,2
0.624,103.998,0.0,0.65,0.156,0.0702,0.238,-6.209,0.106,2
0.578,127.016,0.65,0.653,0.0225,0.0372,0.0801,-11.451,0.0414,2
0.626,122.008,0.386,0.755,0.14,0.372,0.0938,-10.491,0.0337,2
0.442,109.128,0.000202,0.431,0.0102,0.0707,0.118,-9.007,0.0382,2
0.432,82.607,6.59e-06,0.85,0.501,0.109,0.203,-4.417,0.0771,2
0.164,182.19,0.849,0.0774,0.86,0.0384,0.146,-15.546,0.0402,2
0.587,93.974,0.0,0.668,0.222,0.124,0.0589,-5.79,0.0435,2
0.611,118.003,0.0185,0.809,0.019,0.428,0.114,-6.63,0.0342,2
0.548,95.004,0.799,0.814,0.135,0.0533,0.303,-6.34,0.0313,2
0.709,124.026,9.11e-06,0.901,0.0495,0.508,0.24,-5.279,0.0597,2
0.511,129.855,0.0,0.795,0.0461,0.415,0.138,-3.901,0.0509,2
0.422,145.181,0.0,0.572,0.485,0.394,0.186,-9.718,0.435,2
0.792,124.004,0.369,0.557,0.146,0.374,0.295,-9.633,0.248,2
0.612,120.022,0.175,0.876,0.0167,0.187,0.189,-6.247,0.0315,2
0.677,123.008,0.0186,0.802,0.0845,0.688,0.223,-5.388,0.107,2
0.699,119.944,0.0777,0.71,0.000529,0.159,0.0989,-6.126,0.035,2
0.532,144.912,0.0,0.571,0.679,0.475,0.109,-6.291,0.041,2
0.489,149.977,6.04e-05,0.703,0.013,0.256,0.104,-4.564,0.026,2
0.494,165.039,4.78e-05,0.683,0.0691,0.381,0.202,-7.417,0.0447,2
0.729,122.015,0.353,0.72,0.125,0.0388,0.178,-6.69,0.0371,2
0.655,115.13,0.0,0.729,0.297,0.375,0.117,-1.724,0.107,2
0.501,74.767,5.15e-06,0.969,0.0132,0.17,0.139,-2.011,0.353,2
0.545,149.988,0.0,0.668,0.148,0.249,0.372,-3.962,0.0906,2
0.359,184.739,0.104,0.774,0.0649,0.141,0.11,-5.789,0.0745,2
0.454,113.635,3.02e-06,0.809,0.531,0.2,0.137,-3.333,0.0528,2
0.469,79.981,0.000212,0.38,0.0372,0.302,0.317,-5.394,0.0306,2
0.538,159.902,0.29,0.683,0.108,0.0578,0.149,-7.863,0.0412,2
0.639,136.004,2.22e-06,0.71,0.483,0.373,0.219,-3.358,0.0479,2
0.275,69.428,0.456,0.523,0.985,0.296,0.331,-10.406,0.0568,2
0.71,120.023,0.471,0.625,0.00393,0.139,0.318,-8.331,0.0346,2
0.566,150.074,8.31e-05,0.903,0.00243,0.0406,0.0996,-0.484,0.0385,2
0.744,120.105,0.0,0.727,0.0499,0.596,0.186,-5.163,0.0877,2
0.737,98.016,4.83e-05,0.507,0.193,0.128,0.117,-8.336,0.0383,2
0.656,116.043,1.2e-06,0.66,0.0499,0.594,0.152,-6.516,0.0312,2
0.487,145.919,1.46e-05,0.694,0.131,0.287,0.106,-4.049,0.0397,2
0.754,105.062,0.0,0.763,0.103,0.602,0.0587,-5.831,0.09,2
0.652,97.053,1.95e-05,0.803,0.0156,0.52,0.0608,-5.366,0.0433,2
0.572,139.928,2.75e-05,0.475,0.00253,0.309,0.111,-8.531,0.0275,2
0.614,123.018,0.92,0.684,0.0022,0.14,0.152,-8.123,0.031,2
0.525,165.922,0.0,0.753,0.327,0.401,0.0686,-6.656,0.134,2
0.343,119.096,0.000505,0.321,0.514,0.44,0.232,-9.53,0.0357,2
0.251,89.973,0.0,0.673,0.0782,0.262,0.0844,-5.342,0.076,2
0.701,112.021,0.000494,0.722,0.178,0.206,0.177,-6.025,0.0486,2
0.699,107.978,0.000164,0.855,0.0621,0.5,0.0853,-3.267,0.036,2
0.656,119.96,0.00167,0.523,0.00843,0.279,0.0687,-6.862,0.0764,2
0.393,100.056,0.00339,0.632,0.3,0.156,0.367,-8.118,0.0378,2
0.633,124.982,0.285,0.787,0.0119,0.255,0.0669,-5.724,0.0269,2
0.712,99.909,0.0,0.839,0.173,0.565,0.0814,-5.136,0.26,2
0.655,97.855,0.0,0.569,0.237,0.301,0.124,-6.856,0.0552,2
0.643,144.01,0.0,0.603,0.012,0.42,0.118,-5.416,0.0311,2
0.668,139.903,4.64e-05,0.799,0.146,0.444,0.099,-6.815,0.0494,2
0.537,110.011,0.00343,0.347,0.444,0.0968,0.111,-10.245,0.0303,2
0.498,139.913,0.014,0.573,0.00916,0.0738,0.146,-6.757,0.0469,2
0.897,115.959,4.31e-06,0.449,0.353,0.631,0.122,-9.353,0.0921,2
0.568,93.888,0.00729,0.584,0.389,0.401,0.114,-8.711,0.0654,2
0.464,186.1,3.37e-05,0.637,0.0302,0.281,0.0876,-4.37,0.0694,2
0.454,170.162,0.0,0.423,0.544,0.245,0.0538,-7.286,0.0552,2
0.645,136.979,0.0492,0.615,0.293,0.0495,0.0625,-9.797,0.0421,2
0.612,148.017,0.0,0.781,0.00548,0.54,0.174,-3.601,0.0931,2
0.453,139.966,0.11,0.736,0.00118,0.091,0.373,-8.651,0.0538,2
0.666,95.025,0.484,0.594,0.562,0.939,0.0983,-8.067,0.0578,2
0.275,169.638,0.000148,0.657,0.396,0.219,0.305,-3.9,0.0431,2
0.736,106.046,0.0137,0.446,0.886,0.231,0.075,-9.437,0.0571,2
0.293,160.953,0.000119,0.696,0.0396,0.179,0.135,-6.036,0.126,2
0.599,123.983,0.426,0.887,0.00072,0.197,0.105,-6.817,0.0363,2
0.631,98.971,1.2e-05,0.835,0.113,0.466,0.331,-5.214,0.0568,2
0.592,122.957,0.00489,0.817,0.00684,0.294,0.0971,-7.979,0.0343,2
0.61,139.942,4.89e-06,0.708,0.327,0.114,0.102,-3.374,0.0415,2
0.433,167.85,0.0,0.594,0.0117,0.139,0.108,-6.075,0.0567,2
0.668,110.016,1.39e-06,0.815,0.335,0.222,0.302,-3.998,0.131,2
0.405,180.222,0.0,0.543,0.0006,0.365,0.0956,-8.47,0.0333,2
0.656,95.974,0.0,0.729,0.0789,0.438,0.133,-4.223,0.0765,2
0.53,134.236,2.2e-06,0.525,0.228,0.225,0.0812,-8.319,0.0585,2
0.553,156.0,0.0,0.687,0.0336,0.278,0.125,-6.4,0.034,2
0.499,99.943,1.89e-05,0.791,0.0685,0.25,0.138,-3.735,0.0539,2
0.64,127.005,0.00014,0.701,0.00382,0.125,0.0959,-5.251,0.0367,2
0.494,126.126,2.14e-06,0.791,0.0389,0.0725,0.128,-2.736,0.06,2
0.539,143.988,6.68e-06,0.778,0.0169,0.42,0.276,-6.32,0.0612,2
0.405,91.204,8.08e-06,0.576,0.225,0.695,0.0822,-6.245,0.171,2
0.655,107.992,0.00108,0.427,0.295,0.224,0.0788,-11.684,0.0799,2
0.72,96.048,0.0,0.864,0.0856,0.659,0.16,-3.249,0.208,2
0.728,124.887,0.699,0.599,1.86e-05,0.541,0.145,-8.85,0.0668,2
0.618,101.022,0.00796,0.805,0.424,0.335,0.332,-4.731,0.0463,2
0.728,121.919,0.00315,0.674,0.323,0.358,0.111,-5.46,0.0575,2
0.676,89.95,4.65e-05,0.697,0.0772,0.118,0.326,-5.934,0.0412,2
0.554,97.921,0.0682,0.311,0.574,0.114,0.116,-16.268,0.0386,2
0.32,78.306,0.000355,0.575,0.156,0.12,0.0563,-8.597,0.0824,2
0.712,124.912,0.802,0.601,1.09e-05,0.513,0.0982,-8.968,0.062,2
0.605,116.956,2.11e-05,0.872,0.0122,0.586,0.147,-5.122,0.0643,2
0.793,120.003,0.861,0.51,0.131,0.433,0.0681,-8.88,0.039,2
0.664,110.055,0.0,0.632,0.0699,0.272,0.13,-8.224,0.0545,2
0.676,118.004,0.0132,0.198,0.943,0.125,0.104,-13.91,0.0333,1
0.396,138.624,0.0,0.198,0.912,0.19,0.0972,-9.096,0.031,1
0.554,121.836,0.00328,0.235,0.89,0.232,0.114,-14.609,0.0342,1
0.687,95.023,7.72e-06,0.234,0.848,0.339,0.116,-12.559,0.029,1
0.387,153.426,0.00527,0.278,0.464,0.0632,0.102,-8.454,0.0318,1
0.496,114.059,0.0171,0.0672,0.762,0.176,0.109,-17.285,0.0348,1
0.374,80.169,0.0123,0.276,0.884,0.412,0.122,-14.945,0.0353,1
0.412,100.979,0.392,0.241,0.811,0.374,0.114,-13.477,0.0295,1
0.424,174.127,0.336,0.437,0.962,0.131,0.664,-8.588,0.0355,1
0.608,78.013,0.125,0.238,0.885,0.27,0.111,-13.604,0.0434,1
0.603,98.995,0.000892,0.197,0.877,0.375,0.103,-15.243,0.0295,1
0.425,84.989,0.0953,0.273,0.815,0.365,0.112,-17.055,0.0327,1
0.46,77.004,0.374,0.278,0.845,0.384,0.127,-14.927,0.0304,1
0.555,159.764,0.00119,0.418,0.309,0.328,0.237,-12.7,0.0455,1
0.49,140.053,0.245,0.404,0.82,0.281,0.122,-13.308,0.0278,1
0.603,95.116,0.00183,0.575,0.811,0.673,0.12,-10.325,0.0285,1
0.464,144.372,0.00309,0.147,0.988,0.117,0.111,-15.002,0.0369,1
0.408,96.078,0.436,0.271,0.788,0.313,0.112,-11.92,0.0314,1
0.552,92.441,0.0153,0.126,0.956,0.439,0.109,-18.014,0.0306,1
0.37,92.75,0.0029,0.174,0.95,0.181,0.11,-19.316,0.0377,1
0.542,78.088,0.0155,0.155,0.988,0.247,0.108,-12.924,0.0298,1
0.453,187.229,0.000113,0.0287,0.917,0.473,0.101,-22.37,0.136,1
0.658,128.128,0.0,0.179,0.689,0.191,0.17,-10.866,0.0448,1
0.576,76.033,2.42e-05,0.302,0.905,0.224,0.113,-12.437,0.0424,1
0.825,97.019,9.49e-05,0.324,0.83,0.553,0.115,-11.399,0.032,1
0.588,128.361,1.76e-05,0.0702,0.931,0.141,0.113,-14.083,0.0338,1
0.483,100.208,1.01e-06,0.13,0.761,0.437,0.131,-15.214,0.0346,1
0.52,122.086,0.0344,0.48,0.61,0.405,0.107,-10.288,0.0303,1
0.608,80.109,0.243,0.342,0.782,0.172,0.109,-14.166,0.0316,1
0.643,91.485,0.459,0.436,0.724,0.422,0.11,-12.245,0.0273,1
0.34,99.938,0.00211,0.419,0.859,0.263,0.141,-12.244,0.0337,1
0.567,124.44,0.0,0.224,0.887,0.2,0.109,-10.024,0.0299,1
0.631,78.0,0.0114,0.402,0.616,0.598,0.0892,-11.125,0.0286,1
0.565,140.068,1.8e-06,0.207,0.892,0.0904,0.102,-10.926,0.032,1
0.54,81.018,0.353,0.0774,0.923,0.23,0.108,-19.275,0.0342,1
0.397,79.614,0.0,0.249,0.926,0.329,0.115,-10.484,0.0394,1
0.41,149.888,0.0898,0.141,0.932,0.24,0.118,-18.564,0.0337,1
0.408,111.263,4.38e-05,0.0811,0.959,0.177,0.133,-14.655,0.0402,1
0.397,90.771,0.176,0.264,0.784,0.0857,0.113,-11.396,0.029,1
0.629,96.609,3.7e-06,0.208,0.824,0.685,0.107,-16.225,0.0324,1
0.695,119.91,0.0158,0.104,0.935,0.279,0.0984,-15.329,0.0411,1
0.45,75.932,0.0,0.206,0.695,0.248,0.119,-13.414,0.0298,1
0.367,116.659,0.358,0.326,0.699,0.064,0.0759,-15.605,0.0344,1
0.63,124.982,2.65e-05,0.214,0.924,0.271,0.102,-9.455,0.0301,1
0.559,117.21,0.0039,0.466,0.315,0.623,0.0933,-6.769,0.0362,1
0.632,93.925,4.81e-06,0.0807,0.933,0.273,0.101,-16.066,0.0329,1
0.546,79.785,9.73e-05,0.411,0.701,0.528,0.0955,-9.308,0.0475,1
0.347,149.681,2.94e-05,0.183,0.826,0.24,0.126,-11.149,0.0338,1
0.541,97.822,0.00673,0.39,0.807,0.149,0.158,-10.913,0.0256,1
0.579,102.713,0.0018,0.415,0.929,0.42,0.671,-11.599,0.0397,1
0.63,106.996,0.709,0.245,0.971,0.368,0.0819,-15.171,0.029,1
0.615,135.579,6.97e-06,0.361,0.783,0.434,0.218,-10.441,0.0451,1
0.478,110.918,0.00109,0.588,0.462,0.341,0.069,-8.032,0.0304,1
0.582,136.758,3.41e-05,0.151,0.884,0.197,0.0983,-13.845,0.0353,1
0.524,90.857,5.23e-05,0.185,0.923,0.557,0.139,-12.967,0.0324,1
0.56,128.652,0.0,0.269,0.811,0.172,0.166,-11.886,0.0351,1
0.414,147.2,0.00055,0.452,0.156,0.0862,0.112,-8.193,0.0326,1
0.239,129.934,0.313,0.158,0.597,0.209,0.0945,-19.589,0.0362,1
0.394,131.512,0.00297,0.0826,0.946,0.0932,0.154,-12.172,0.0392,1
0.509,134.956,0.0946,0.417,0.77,0.482,0.0887,-9.632,0.0295,1
0.502,78.455,0.0418,0.0548,0.924,0.506,0.108,-23.684,0.0356,1
0.47,59.54,0.00534,0.235,0.828,0.358,0.108,-12.509,0.0286,1
0.525,92.001,0.0,0.353,0.596,0.241,0.0964,-10.985,0.0322,1
0.611,150.075,0.0,0.33,0.862,0.418,0.18,-11.475,0.0504,1
0.516,140.548,0.0232,0.166,0.92,0.329,0.0995,-17.147,0.042,1
0.596,125.329,0.00454,0.261,0.967,0.62,0.112,-13.778,0.0335,1
0.402,112.572,0.000212,0.267,0.687,0.255,0.097,-10.299,0.0402,1
0.604,88.377,0.166,0.363,0.876,0.672,0.165,-11.674,0.0295,1
0.643,137.709,0.00138,0.213,0.891,0.12,0.211,-15.584,0.0324,1
0.705,80.965,0.0348,0.144,0.964,0.559,0.108,-14.027,0.0502,1
0.558,119.127,0.0183,0.0991,0.979,0.0562,0.0981,-18.512,0.0353,1
0.787,100.007,0.0275,0.343,0.895,0.47,0.11,-11.413,0.0298,1
0.589,165.908,0.0,0.467,0.761,0.571,0.0847,-8.179,0.031,1
0.558,109.528,4.09e-06,0.0843,0.881,0.153,0.13,-18.398,0.0372,1
0.577,81.005,0.0836,0.447,0.554,0.261,0.116,-11.342,0.0312,1
0.473,145.027,8.83e-05,0.25,0.796,0.261,0.101,-11.263,0.0304,1
0.766,104.03,7.95e-06,0.191,0.932,0.262,0.261,-12.606,0.0394,1
0.666,149.441,0.0269,0.566,0.467,0.819,0.144,-12.136,0.0309,1
0.377,152.207,0.000155,0.267,0.941,0.345,0.0881,-13.29,0.0354,1
0.619,115.405,4.99e-05,0.299,0.846,0.31,0.243,-7.744,0.0279,1
0.516,158.964,0.0843,0.15,0.987,0.473,0.113,-19.033,0.0405,1
0.629,154.001,0.0259,0.383,0.735,0.421,0.0928,-13.195,0.044,1
0.306,89.545,0.0,0.213,0.644,0.291,0.103,-7.79,0.0316,1
0.518,75.263,0.136,0.276,0.644,0.108,0.356,-15.953,0.038,1
0.555,117.462,0.000281,0.144,0.842,0.198,0.0953,-16.868,0.0474,1
0.658,97.957,0.0,0.396,0.627,0.485,0.176,-12.753,0.0319,1
0.641,128.091,0.0,0.415,0.69,0.34,0.0977,-8.212,0.0294,1
0.404,129.162,8.63e-06,0.48,0.274,0.2,0.132,-8.906,0.0303,1
0.613,81.258,0.000104,0.215,0.813,0.23,0.106,-13.147,0.0538,1
0.651,119.028,0.00426,0.168,0.867,0.324,0.113,-16.335,0.0315,1
0.468,94.422,8.28e-05,0.201,0.915,0.383,0.0952,-17.024,0.0388,1
0.587,119.752,0.000162,0.142,0.862,0.288,0.0953,-15.196,0.0329,1
0.651,104.116,0.0,0.261,0.57,0.287,0.301,-10.019,0.0266,1
0.373,129.03,0.00105,0.216,0.955,0.496,0.0739,-11.41,0.0326,1
0.214,46.591,0.058,0.148,0.0128,0.0277,0.113,-17.775,0.037,1
0.58,152.867,0.0122,0.469,0.57,0.56,0.193,-10.02,0.0332,1
0.695,88.045,0.266,0.269,0.926,0.21,0.35,-12.881,0.0273,1
0.603,99.927,0.012,0.194,0.91,0.302,0.115,-15.252,0.0282,1
0.468,75.928,1.62e-06,0.0726,0.939,0.444,0.103,-15.19,0.0391,1
0.655,99.956,0.155,0.396,0.964,0.39,0.103,-12.673,0.0349,1
0.518,114.896,0.831,0.337,0.948,0.125,0.042,-18.09,0.0621,1
0.351,79.717,0.872,0.00256,0.983,0.0336,0.105,-39.367,0.03,1
0.0887,78.308,0.935,0.13,0.932,0.0461,0.134,-24.5,0.0422,1
0.328,70.365,0.961,0.0217,0.971,0.235,0.108,-31.895,0.101,1
0.146,148.379,0.967,0.214,0.875,0.0328,0.113,-12.378,0.0358,1
0.165,133.186,0.977,0.0147,0.995,0.0336,0.0806,-28.886,0.0443,1
0.104,66.605,0.683,0.149,0.981,0.101,0.695,-17.049,0.0413,1
0.528,132.313,0.944,0.0233,0.969,0.486,0.112,-26.484,0.0536,1
0.151,136.676,0.913,0.0232,0.944,0.0322,0.0985,-29.538,0.0446,1
0.156,70.351,0.958,0.0866,0.996,0.0299,0.105,-26.905,0.0525,1
0.0982,77.503,0.923,0.224,0.969,0.0319,0.115,-17.603,0.042,1
0.218,75.195,0.79,0.0282,0.985,0.379,0.109,-30.323,0.0613,1
0.172,123.948,0.763,0.148,0.908,0.038,0.0834,-18.667,0.0394,1
0.114,74.92,0.949,0.188,0.845,0.0566,0.113,-25.055,0.0408,1
0.247,66.538,0.826,0.109,0.883,0.0909,0.1,-23.537,0.0408,1
0.191,136.391,0.896,0.108,0.82,0.0351,0.112,-25.134,0.0583,1
0.195,127.853,0.769,0.00891,0.879,0.0336,0.112,-35.401,0.0732,1
0.0849,84.466,0.993,0.118,0.993,0.0338,0.108,-23.072,0.0559,1
0.175,118.552,0.974,0.0239,0.802,0.0323,0.0919,-30.837,0.0504,1
0.127,85.31,0.956,0.062,0.875,0.0399,0.647,-28.235,0.0357,1
0.409,84.933,0.635,0.178,0.87,0.213,0.111,-25.125,0.0898,1
0.243,71.248,0.618,0.0842,0.952,0.152,0.112,-29.673,0.0605,1
0.167,68.43,0.966,0.0174,0.984,0.0337,0.0976,-28.777,0.0484,1
0.176,132.939,0.914,0.0724,0.858,0.0397,0.111,-25.658,0.0394,1
0.187,70.635,0.728,0.0246,0.969,0.0309,0.0889,-33.493,0.0335,1
0.235,138.826,0.93,0.0891,0.0905,0.0273,0.114,-23.771,0.0367,1
0.127,66.224,0.943,0.033,0.994,0.0355,0.0825,-30.043,0.0528,1
0.262,141.863,0.711,0.133,0.795,0.035,0.109,-20.637,0.0483,1
0.188,86.933,0.892,0.412,0.932,0.134,0.171,-15.004,0.0793,1
0.0819,82.936,0.847,0.0342,0.941,0.032,0.0671,-28.088,0.0414,1
0.22,93.542,0.955,0.29,0.936,0.19,0.0992,-16.961,0.0402,1
0.229,71.634,0.34,0.27,0.774,0.04,0.118,-17.191,0.0328,1
0.108,70.314,0.869,0.0718,0.913,0.173,0.0949,-30.997,0.0386,1
0.0594,54.213,0.918,0.216,0.663,0.0243,0.0451,-19.883,0.0493,1
0.125,70.243,0.893,0.217,0.591,0.0399,0.099,-22.253,0.047,1
0.139,69.656,0.979,0.0242,0.98,0.0331,0.123,-30.135,0.0399,1
0.364,60.231,0.833,0.00592,0.995,0.0432,0.0963,-31.109,0.041,1
0.182,85.62,0.914,0.203,0.974,0.0311,0.0954,-13.31,0.0426,1
0.139,176.308,0.596,0.0341,0.749,0.0365,0.0907,-33.45,0.105,1
0.197,67.756,0.837,0.0152,0.984,0.0666,0.0885,-34.308,0.0616,1
0.0856,71.879,0.929,0.027,0.996,0.0633,0.229,-29.771,0.0525,1
0.226,114.52,0.997,0.237,0.964,0.0795,0.227,-23.185,0.041,1
0.174,68.8,0.854,0.261,0.938,0.0625,0.0795,-17.606,0.036,1
0.184,120.491,0.964,0.185,0.931,0.0399,0.105,-21.643,0.0408,1
0.243,137.632,0.794,0.0632,0.996,0.0531,0.106,-31.781,0.0838,1
0.189,73.503,0.935,0.0628,0.936,0.153,0.102,-21.752,0.0544,1
0.517,110.02,0.91,0.0316,0.98,0.155,0.112,-21.51,0.0349,1
0.405,76.821,0.909,0.00876,0.996,0.501,0.0941,-36.729,0.0404,1
0.0962,85.128,0.889,0.259,0.969,0.0365,0.0937,-20.084,0.0471,1
0.35,131.98,0.891,0.266,0.986,0.137,0.103,-19.502,0.0307,1
0.196,135.941,0.892,0.0415,0.98,0.0764,0.105,-26.728,0.0532,1
0.241,68.321,0.774,0.126,0.939,0.0524,0.0721,-20.532,0.0335,1
0.0868,80.55,0.944,0.032,0.969,0.0397,0.0763,-23.915,0.0388,1
0.145,137.54,0.944,0.00695,0.913,0.0292,0.083,-33.859,0.0458,1
0.218,75.195,0.79,0.0282,0.985,0.379,0.109,-30.323,0.0613,1
0.196,72.125,0.917,0.00687,0.992,0.053,0.106,-34.255,0.0442,1
0.118,61.882,0.972,0.296,0.946,0.184,0.111,-23.831,0.0737,1
0.236,137.626,0.83,0.257,0.838,0.153,0.112,-16.112,0.0339,1
0.306,67.859,0.943,0.16,0.996,0.0839,0.0753,-21.068,0.0449,1
0.066,61.941,0.904,0.0176,0.974,0.0312,0.0956,-32.195,0.0602,1
0.201,143.001,0.909,0.078,0.986,0.0374,0.0886,-26.306,0.0442,1
0.14,102.257,0.918,0.0257,0.884,0.0389,0.108,-29.924,0.0518,1
0.149,74.035,0.775,0.209,0.869,0.0596,0.0826,-16.828,0.0446,1
0.0983,67.071,0.887,0.0272,0.97,0.0707,0.124,-21.134,0.0402,1
0.275,102.83,0.904,0.0476,0.942,0.0712,0.0924,-22.524,0.0356,1
0.151,89.794,0.953,0.127,0.92,0.0626,0.0951,-24.148,0.0398,1
0.155,70.617,0.933,0.087,0.991,0.0388,0.635,-26.906,0.0609,1
0.101,172.103,0.948,0.0664,0.913,0.035,0.0573,-20.238,0.0388,1
0.24,140.329,0.606,0.145,0.966,0.0356,0.404,-21.933,0.0327,1
0.152,139.095,0.775,0.0315,0.922,0.155,0.11,-29.774,0.047,1
0.15,137.555,0.833,0.0586,0.857,0.0357,0.128,-28.755,0.0443,1
0.471,138.683,0.0,0.273,0.845,0.188,0.12,-10.072,0.0324,1
0.415,81.876,0.00236,0.11,0.951,0.234,0.0962,-14.901,0.0388,1
0.473,139.899,0.0124,0.317,0.944,0.132,0.11,-10.324,0.0318,1
0.629,96.609,3.7e-06,0.208,0.824,0.685,0.107,-16.225,0.0324,1
0.367,172.358,0.0584,0.208,0.629,0.663,0.106,-16.734,0.0363,1
0.338,142.13,0.156,0.527,0.786,0.23,0.109,-9.695,0.0299,1
0.45,179.133,0.000679,0.324,0.71,0.354,0.176,-11.234,0.037,1
0.374,80.169,0.0123,0.276,0.884,0.412,0.122,-14.945,0.0353,1
0.579,102.713,0.0018,0.415,0.929,0.42,0.671,-11.599,0.0397,1
0.625,137.926,0.00242,0.432,0.633,0.361,0.127,-11.948,0.0283,1
0.458,140.617,0.000309,0.256,0.961,0.317,0.0951,-13.301,0.0308,1
0.555,159.764,0.00119,0.418,0.309,0.328,0.237,-12.7,0.0455,1
0.498,85.35,0.00428,0.167,0.896,0.352,0.136,-16.38,0.0282,1
0.375,132.094,0.0178,0.261,0.539,0.139,0.116,-11.312,0.0288,1
0.48,132.404,0.00416,0.418,0.505,0.319,0.11,-9.622,0.0312,1
0.569,110.916,0.0,0.184,0.908,0.309,0.114,-12.842,0.0584,1
0.571,104.991,0.000331,0.558,0.722,0.283,0.116,-8.553,0.0281,1
0.316,155.69,0.00227,0.413,0.856,0.245,0.143,-12.216,0.0334,1
0.676,125.053,0.416,0.0812,0.979,0.314,0.118,-22.846,0.0398,1
0.527,114.954,0.000142,0.283,0.876,0.283,0.106,-11.962,0.0367,1
0.637,97.423,0.0,0.263,0.873,0.487,0.164,-9.094,0.0399,1
0.334,92.291,0.0781,0.397,0.558,0.0351,0.126,-7.993,0.0283,1
0.417,88.272,0.732,0.425,0.807,0.506,0.097,-10.99,0.032,1
0.532,140.671,0.0277,0.317,0.909,0.28,0.11,-10.693,0.0309,1
0.505,95.419,6.96e-05,0.341,0.728,0.0593,0.122,-13.863,0.0338,1
0.65,129.028,0.0487,0.377,0.807,0.288,0.11,-12.626,0.0275,1
0.554,104.005,0.0321,0.226,0.891,0.229,0.107,-11.323,0.0281,1
0.37,92.75,0.0029,0.174,0.95,0.181,0.11,-19.316,0.0377,1
0.629,102.984,0.0725,0.585,0.614,0.523,0.129,-8.563,0.0269,1
0.592,96.002,0.000586,0.416,0.882,0.417,0.112,-9.794,0.0246,1
0.686,102.001,0.00254,0.346,0.905,0.239,0.108,-10.423,0.0233,1
0.603,95.116,0.00183,0.575,0.811,0.673,0.12,-10.325,0.0285,1
0.603,156.017,0.0263,0.434,0.804,0.443,0.111,-11.368,0.0544,1
0.553,105.989,0.00123,0.391,0.933,0.242,0.0993,-12.303,0.0315,1
0.488,87.846,0.000582,0.551,0.242,0.443,0.219,-9.399,0.0298,1
0.393,135.477,0.00564,0.183,0.542,0.258,0.113,-12.228,0.0329,1
0.477,109.965,8.36e-06,0.712,0.224,0.407,0.118,-6.759,0.0653,1
0.602,126.962,0.0263,0.506,0.687,0.312,0.177,-9.046,0.0273,1
0.539,140.01,0.393,0.179,0.921,0.145,0.106,-14.33,0.0309,1
0.392,80.364,2.03e-05,0.337,0.827,0.19,0.114,-9.68,0.0329,1
0.618,90.982,0.0626,0.199,0.861,0.621,0.144,-16.692,0.0306,1
0.377,152.207,0.000155,0.267,0.941,0.345,0.0881,-13.29,0.0354,1
0.595,108.043,0.0286,0.723,0.047,0.272,0.0995,-8.256,0.0349,1
0.61,100.02,0.0,0.245,0.902,0.212,0.0944,-7.01,0.0275,1
0.412,151.739,0.0,0.285,0.935,0.377,0.11,-9.918,0.0444,1
0.561,88.431,0.00194,0.652,0.617,0.469,0.183,-11.094,0.0375,1
0.379,170.097,1.19e-05,0.194,0.901,0.436,0.139,-12.644,0.0438,1
0.611,150.075,0.0,0.33,0.862,0.418,0.18,-11.475,0.0504,1
0.602,90.458,0.0263,0.359,0.902,0.44,0.0946,-7.893,0.0244,1
0.584,136.17,0.0,0.0989,0.943,0.304,0.111,-13.526,0.0356,1
0.45,75.932,0.0,0.206,0.695,0.248,0.119,-13.414,0.0298,1
0.604,112.069,0.287,0.179,0.898,0.209,0.11,-15.847,0.0287,1
0.441,79.664,0.0348,0.283,0.765,0.225,0.076,-9.092,0.0304,1
0.503,148.905,0.0141,0.435,0.814,0.341,0.0998,-8.761,0.036,1
0.648,121.459,0.266,0.352,0.692,0.173,0.106,-10.11,0.0278,1
0.59,143.986,0.00424,0.292,0.772,0.34,0.162,-12.826,0.0325,1
0.499,78.266,0.00835,0.395,0.293,0.349,0.0963,-8.615,0.0272,1
0.336,94.948,0.00616,0.647,0.142,0.207,0.826,-7.718,0.039,1
0.54,128.871,0.000587,0.222,0.88,0.28,0.346,-12.846,0.0321,1
0.552,87.485,0.731,0.15,0.974,0.316,0.0698,-16.746,0.0347,1
0.397,75.511,0.00313,0.109,0.972,0.221,0.108,-16.509,0.0398,1
0.475,142.664,0.195,0.31,0.91,0.435,0.111,-13.505,0.0296,1
0.641,96.415,0.0393,0.582,0.642,0.384,0.0876,-9.085,0.0335,1
0.381,80.049,0.000613,0.163,0.89,0.267,0.113,-13.972,0.0467,1
0.372,162.3,7.28e-05,0.444,0.82,0.357,0.141,-9.036,0.0295,1
0.592,107.747,0.0908,0.426,0.832,0.285,0.115,-15.107,0.0305,1
0.541,179.913,0.0,0.574,0.657,0.533,0.0962,-6.981,0.0362,1
0.621,107.636,0.0,0.213,0.917,0.231,0.0927,-13.484,0.0299,1
0.486,94.397,0.0519,0.116,0.915,0.461,0.129,-17.776,0.0315,1
0.607,76.702,0.00425,0.198,0.963,0.381,0.107,-14.271,0.038,1
0.524,98.796,0.00813,0.696,0.555,0.14,0.129,-9.772,0.0339,1
0.464,144.372,0.00309,0.147,0.988,0.117,0.111,-15.002,0.0369,1
0.612,78.197,0.000463,0.317,0.924,0.494,0.104,-9.763,0.0318,1
0.521,104.03,0.00814,0.22,0.647,0.135,0.179,-10.202,0.0314,1
0.756,101.957,0.0,0.281,0.764,0.194,0.111,-13.347,0.0327,1
0.643,100.084,0.0,0.44,0.447,0.391,0.129,-9.538,0.0241,1
0.383,91.899,0.00216,0.547,0.771,0.282,0.0913,-9.899,0.0376,1
0.579,136.311,0.000308,0.171,0.901,0.389,0.111,-14.495,0.0303,1
0.581,76.028,0.000214,0.378,0.714,0.268,0.0916,-11.631,0.0269,1
0.416,102.49,1.5e-05,0.192,0.911,0.222,0.107,-12.525,0.034,1
0.599,124.858,5.41e-06,0.195,0.976,0.308,0.0947,-11.527,0.0355,1
0.374,74.22,5.97e-06,0.343,0.828,0.275,0.105,-8.974,0.0275,1
0.707,123.987,0.0349,0.302,0.883,0.369,0.102,-13.582,0.0398,1
0.619,115.405,4.99e-05,0.299,0.846,0.31,0.243,-7.744,0.0279,1
0.329,177.139,0.000469,0.236,0.811,0.346,0.115,-10.827,0.0345,1
0.36,175.108,0.000747,0.0932,0.931,0.328,0.0855,-19.422,0.0345,1
0.667,94.018,0.0,0.282,0.44,0.462,0.214,-10.071,0.0415,1
0.567,124.44,0.0,0.224,0.887,0.2,0.109,-10.024,0.0299,1
0.528,151.766,0.0,0.457,0.213,0.289,0.103,-7.348,0.0353,1
0.691,135.839,0.00227,0.454,0.437,0.35,0.0783,-9.13,0.0256,1
0.611,77.301,0.000432,0.198,0.87,0.412,0.109,-16.525,0.0285,1
0.515,81.12,8.46e-06,0.3,0.575,0.206,0.115,-8.005,0.0289,1
0.559,117.21,0.0039,0.466,0.315,0.623,0.0933,-6.769,0.0362,1
0.476,88.592,0.00086,0.182,0.884,0.146,0.112,-16.375,0.038,1
0.473,145.027,8.83e-05,0.25,0.796,0.261,0.101,-11.263,0.0304,1
0.485,143.475,0.000126,0.293,0.884,0.297,0.117,-6.732,0.0274,1
0.396,138.624,0.0,0.198,0.912,0.19,0.0972,-9.096,0.031,1
0.788,101.974,4.52e-06,0.488,0.46,0.48,0.0751,-7.319,0.0286,1
0.36,74.53,1.09e-06,0.333,0.335,0.17,0.114,-8.491,0.0285,1
0.592,127.005,6.22e-06,0.0562,0.919,0.266,0.111,-14.344,0.0599,1
0.555,147.613,0.000191,0.43,0.462,0.274,0.0869,-9.105,0.0295,1
0.369,181.019,0.0343,0.365,0.708,0.222,0.108,-9.869,0.0451,1
0.517,87.855,0.0984,0.131,0.926,0.419,0.151,-18.439,0.0344,1
0.519,80.329,5.66e-05,0.515,0.61,0.714,0.107,-9.448,0.031,1
0.82,106.023,1.38e-06,0.624,0.225,0.633,0.168,-6.386,0.0574,1
0.544,130.507,2.95e-06,0.166,0.701,0.306,0.106,-12.926,0.0347,1
0.649,127.907,1.26e-05,0.416,0.87,0.138,0.108,-7.285,0.0298,1
0.625,98.002,0.00304,0.432,0.108,0.538,0.0995,-12.19,0.0313,1
0.582,140.013,0.0871,0.344,0.857,0.374,0.15,-9.148,0.0278,1
0.407,74.813,0.0,0.244,0.69,0.32,0.0881,-11.591,0.0294,1
0.58,94.021,4.65e-05,0.653,0.131,0.232,0.116,-6.051,0.0275,1
0.483,92.877,0.0102,0.309,0.506,0.511,0.113,-15.851,0.0327,1
0.592,160.048,0.0,0.584,0.245,0.371,0.0862,-7.422,0.0305,1
0.594,138.032,1.58e-06,0.415,0.141,0.205,0.105,-6.99,0.0277,1
0.574,147.924,0.0,0.344,0.421,0.0987,0.0804,-8.995,0.0345,1
0.545,86.997,0.267,0.366,0.969,0.1,0.641,-9.51,0.0378,1
0.552,83.88,0.025,0.449,0.628,0.171,0.116,-8.024,0.0288,1
0.572,160.067,4.48e-06,0.493,0.493,0.171,0.0817,-6.859,0.0295,1
0.639,110.961,8.26e-05,0.388,0.525,0.441,0.0859,-7.009,0.0274,1
0.519,82.214,0.0019,0.354,0.824,0.37,0.147,-10.501,0.0321,1
0.602,143.945,0.0,0.275,0.896,0.343,0.155,-11.688,0.031,1
0.639,89.897,2.25e-06,0.381,0.768,0.489,0.214,-9.428,0.0321,1
0.387,161.304,0.0,0.174,0.614,0.213,0.12,-14.765,0.0323,1
0.522,95.957,1.54e-06,0.47,0.00791,0.344,0.103,-9.52,0.0242,1
0.279,133.189,0.0397,0.356,0.456,0.0936,0.0856,-11.676,0.0344,1
0.564,147.912,0.00105,0.452,0.673,0.173,0.0923,-8.588,0.0603,1
0.495,108.849,0.0117,0.392,0.823,0.496,0.108,-9.84,0.0312,1
0.61,79.304,0.0,0.306,0.763,0.212,0.0909,-7.368,0.0322,1
0.713,123.006,7.49e-06,0.527,0.238,0.445,0.111,-7.512,0.0329,1
0.629,96.609,3.7e-06,0.208,0.824,0.685,0.107,-16.225,0.0324,1
0.608,77.037,1.15e-05,0.496,0.558,0.506,0.152,-8.929,0.0309,1
0.657,115.724,0.00125,0.32,0.857,0.39,0.144,-15.104,0.031,1
0.654,83.013,0.00649,0.24,0.677,0.246,0.0784,-15.692,0.0288,1
0.514,140.128,0.00342,0.439,0.776,0.252,0.0902,-9.805,0.0276,1
0.581,140.161,0.0,0.439,0.37,0.324,0.092,-5.817,0.0273,1
0.636,114.337,0.0,0.32,0.771,0.2,0.117,-9.953,0.028,1
0.489,84.984,8e-05,0.438,0.625,0.188,0.122,-8.748,0.0265,1
0.579,136.311,0.000308,0.171,0.901,0.389,0.111,-14.495,0.0303,1
0.546,161.743,0.0,0.49,0.335,0.373,0.1,-7.0,0.0308,1
0.607,97.035,0.0289,0.482,0.37,0.183,0.102,-7.332,0.0254,1
0.686,93.008,0.0,0.476,0.249,0.592,0.106,-7.921,0.0471,1
0.374,80.169,0.0123,0.276,0.884,0.412,0.122,-14.945,0.0353,1
0.757,123.003,0.0,0.29,0.856,0.226,0.0877,-6.217,0.0324,1
0.502,133.168,2.66e-05,0.0596,0.928,0.317,0.125,-16.977,0.0361,1
0.677,151.844,0.0,0.445,0.44,0.25,0.12,-7.592,0.0343,1
0.659,114.989,0.692,0.387,0.467,0.0779,0.0839,-13.172,0.0335,1
0.589,137.889,6.71e-06,0.468,0.414,0.139,0.115,-9.229,0.0335,1
0.492,100.008,0.31,0.256,0.926,0.179,0.116,-15.081,0.0281,1
0.517,114.036,0.00343,0.254,0.653,0.294,0.184,-13.4,0.0366,1
0.389,117.078,3.62e-05,0.398,0.884,0.464,0.0776,-11.687,0.0726,1
0.209,174.148,9.27e-05,0.414,0.218,0.132,0.111,-9.261,0.0302,1
0.368,109.143,1.69e-06,0.314,0.796,0.371,0.126,-8.491,0.0316,1
0.462,153.716,0.113,0.203,0.975,0.437,0.102,-16.313,0.0355,1
0.686,119.747,8.31e-06,0.514,0.652,0.538,0.136,-9.872,0.0923,1
0.375,165.056,0.908,0.48,0.369,0.157,0.105,-13.939,0.0369,1
0.557,84.904,0.151,0.378,0.645,0.194,0.109,-10.964,0.0278,1
0.42,121.137,0.21,0.494,0.388,0.189,0.112,-13.497,0.0474,1
0.579,127.439,0.0,0.278,0.893,0.286,0.0929,-9.255,0.0325,1
0.603,85.964,0.00307,0.385,0.654,0.423,0.11,-11.82,0.0243,1
0.589,130.001,0.179,0.434,0.742,0.155,0.138,-13.572,0.0318,1
0.247,151.414,0.000136,0.17,0.837,0.142,0.0969,-11.43,0.0334,1
0.732,87.016,0.000229,0.408,0.747,0.663,0.069,-8.475,0.036,1
0.349,93.937,0.0,0.153,0.891,0.19,0.193,-15.867,0.0282,1
0.438,98.833,0.000477,0.19,0.821,0.0765,0.0886,-16.623,0.0365,1
0.597,94.022,0.0913,0.741,0.0565,0.395,0.17,-8.294,0.0451,1
0.432,144.562,0.0329,0.481,0.196,0.492,0.0945,-9.18,0.0274,1
0.634,125.903,1.48e-06,0.228,0.931,0.217,0.308,-14.952,0.0418,1
0.767,124.949,0.00017,0.276,0.88,0.182,0.102,-10.889,0.0712,1
0.298,154.094,0.000822,0.46,0.0401,0.0888,0.0977,-7.036,0.0287,1
0.693,116.725,0.0325,0.195,0.894,0.315,0.126,-15.278,0.0446,1
0.606,74.584,0.0,0.31,0.561,0.322,0.178,-11.707,0.583,1
0.716,134.858,0.0783,0.349,0.618,0.283,0.109,-10.981,0.0308,1
0.633,174.001,4.44e-05,0.673,0.399,0.614,0.0898,-9.001,0.0475,1
0.563,161.989,0.515,0.359,0.766,0.296,0.113,-11.007,0.0358,1
0.789,124.96,0.0527,0.272,0.637,0.487,0.0783,-15.971,0.0404,1
0.61,125.978,0.432,0.238,0.801,0.66,0.105,-12.831,0.0358,1
0.514,96.964,2.62e-05,0.632,0.0269,0.306,0.0784,-6.693,0.0639,1
0.469,154.166,2.21e-06,0.373,0.617,0.239,0.126,-7.98,0.0437,1
0.633,168.135,0.00943,0.45,0.701,0.517,0.112,-11.953,0.03,1
0.669,127.998,0.873,0.658,0.082,0.506,0.51,-10.313,0.0293,1
0.658,119.001,0.0648,0.446,0.0567,0.0552,0.0864,-8.911,0.0352,1
0.526,82.105,0.839,0.437,0.923,0.455,0.111,-8.084,0.0248,1
0.709,113.983,0.575,0.464,0.534,0.556,0.0833,-8.481,0.0287,1
0.377,172.102,0.000249,0.473,0.707,0.232,0.14,-5.98,0.0281,1
0.561,126.014,0.201,0.438,0.435,0.127,0.125,-11.63,0.0321,1
0.551,57.478,0.0305,0.178,0.897,0.247,0.108,-13.846,0.045,1
0.676,134.073,0.000651,0.245,0.625,0.071,0.155,-10.563,0.0631,1
0.328,172.875,4.21e-05,0.0976,0.937,0.127,0.101,-13.828,0.0457,1
0.33,77.826,3.74e-05,0.504,0.385,0.37,0.379,-10.395,0.0388,1
0.779,89.965,5.14e-06,0.407,0.442,0.642,0.104,-7.647,0.0657,1
0.611,107.04,0.4,0.23,0.846,0.336,0.0958,-18.948,0.0289,1
0.547,170.029,0.426,0.489,0.0955,0.363,0.112,-9.716,0.0302,1
0.57,124.11,5.22e-06,0.25,0.753,0.0603,0.119,-10.676,0.0392,1
0.567,82.971,0.0591,0.449,0.725,0.0781,0.379,-11.711,0.043,1
0.376,110.013,0.000704,0.334,0.712,0.239,0.115,-11.755,0.0291,1
0.255,99.764,0.98,0.421,0.968,0.231,0.108,-11.985,0.0383,1
0.711,88.019,0.754,0.422,0.908,0.314,0.0781,-12.971,0.0621,1
0.419,82.018,0.0,0.497,0.582,0.286,0.11,-8.722,0.0329,1
0.37,155.876,0.000137,0.785,0.352,0.393,0.22,-3.599,0.0335,1
0.16,75.018,0.906,0.268,0.768,0.033,0.0959,-16.36,0.033,1
0.732,116.964,0.0364,0.462,0.251,0.51,0.117,-12.536,0.0503,1
0.515,158.004,0.107,0.41,0.523,0.128,0.261,-13.05,0.0358,1
0.552,113.949,0.00026,0.151,0.961,0.33,0.0979,-11.498,0.0446,1
0.682,96.195,0.00869,0.524,0.303,0.51,0.113,-8.549,0.024,1
0.591,95.013,0.138,0.489,0.368,0.226,0.0948,-11.942,0.0326,1
0.352,133.009,0.833,0.417,0.828,0.21,0.126,-8.934,0.0308,1
0.222,99.723,0.00105,0.517,0.0164,0.184,0.184,-7.276,0.0521,1
0.652,104.03,0.00469,0.347,0.863,0.272,0.0658,-13.06,0.027,1
0.724,114.987,0.0099,0.441,0.388,0.409,0.337,-9.873,0.0391,1
0.591,143.943,0.733,0.37,0.895,0.367,0.103,-12.9,0.0344,1
0.715,109.043,0.0,0.207,0.912,0.247,0.13,-14.154,0.0336,1
0.683,72.015,0.00907,0.246,0.778,0.418,0.11,-11.378,0.0488,1
0.308,139.085,0.949,0.223,0.903,0.142,0.353,-13.652,0.0303,1
0.539,88.991,0.377,0.158,0.98,0.0775,0.0936,-14.41,0.036,1
0.611,103.034,8.35e-05,0.58,0.754,0.271,0.0964,-9.67,0.0669,1
0.223,102.409,0.0802,0.199,0.865,0.0605,0.0982,-15.952,0.0307,1
0.761,97.972,0.291,0.283,0.839,0.171,0.0925,-16.793,0.119,1
0.569,117.862,0.828,0.516,0.624,0.468,0.099,-11.084,0.0272,1
0.437,158.883,0.379,0.475,0.641,0.124,0.125,-11.677,0.0315,1
0.579,109.963,0.226,0.307,0.669,0.106,0.113,-10.198,0.0286,1
0.45,120.238,0.0503,0.0735,0.956,0.162,0.104,-15.621,0.0383,1
0.788,108.027,0.00133,0.477,0.587,0.459,0.456,-9.91,0.166,1
0.592,127.344,0.696,0.151,0.912,0.291,0.109,-14.161,0.0332,1
0.685,65.039,0.559,0.542,0.0411,0.651,0.0791,-8.522,0.0428,1
0.77,118.023,0.407,0.393,0.142,0.482,0.108,-12.011,0.0303,1
0.667,100.021,8.1e-05,0.719,0.00285,0.717,0.0736,-5.371,0.0346,0
0.825,139.98,1.48e-05,0.483,0.538,0.892,0.204,-5.746,0.08,0
0.665,93.989,0.00342,0.712,0.00103,0.669,0.102,-7.536,0.0527,0
0.716,86.005,0.0,0.563,0.326,0.495,0.119,-5.486,0.0425,0
0.704,120.003,0.00144,0.758,0.233,0.534,0.0924,-3.537,0.0402,0
0.598,123.935,0.0,0.526,0.129,0.529,0.14,-8.659,0.0415,0
0.691,153.976,0.0,0.733,0.184,0.797,0.341,-5.02,0.0368,0
0.806,147.986,0.0,0.546,0.3,0.874,0.102,-6.637,0.0575,0
0.79,103.007,0.00252,0.694,0.145,0.508,0.281,-7.726,0.0708,0
0.787,110.962,3.57e-06,0.673,0.256,0.786,0.0904,-4.577,0.158,0
0.761,105.979,0.0,0.607,0.00277,0.71,0.132,-6.274,0.0964,0
0.585,101.939,0.00224,0.62,0.0426,0.281,0.15,-8.09,0.0327,0
0.708,102.046,0.000244,0.661,0.0396,0.317,0.113,-6.543,0.0546,0
0.733,125.311,7.59e-06,0.552,0.0833,0.279,0.141,-7.404,0.0993,0
0.65,118.966,0.000492,0.625,0.00536,0.296,0.119,-10.122,0.0359,0
0.686,123.032,1.33e-06,0.83,0.0948,0.486,0.182,-4.437,0.0369,0
0.765,144.958,7.39e-06,0.689,0.236,0.497,0.114,-5.616,0.0456,0
0.548,95.39,0.0,0.816,0.122,0.557,0.335,-4.209,0.0465,0
0.789,122.031,0.0,0.72,0.223,0.664,0.129,-5.652,0.218,0
0.667,92.043,4.48e-05,0.583,0.231,0.187,0.181,-5.127,0.0747,0
0.404,148.036,0.0,0.806,0.198,0.112,0.114,-4.75,0.0496,0
0.838,114.998,8.01e-05,0.545,0.208,0.631,0.103,-6.713,0.0706,0
0.878,112.022,0.0,0.525,0.183,0.694,0.0714,-6.832,0.0578,0
0.643,108.992,0.0,0.768,0.174,0.597,0.469,-4.316,0.0455,0
0.682,106.898,0.0,0.783,0.0262,0.323,0.206,-4.997,0.18,0
0.626,89.132,0.0,0.726,0.235,0.257,0.304,-5.015,0.0376,0
0.862,122.963,7.49e-06,0.4,0.00575,0.596,0.123,-7.486,0.0736,0
0.665,97.968,0.0,0.703,0.128,0.257,0.115,-3.885,0.07,0
0.456,90.552,0.0,0.496,0.427,0.45,0.134,-6.986,0.0743,0
0.738,98.047,0.0,0.717,0.062,0.5,0.205,-5.121,0.0573,0
0.56,89.391,0.0,0.68,0.555,0.319,0.116,-7.648,0.321,0
0.513,139.987,0.0,0.788,0.00968,0.234,0.11,-4.629,0.0364,0
0.294,85.332,0.0,0.505,0.12,0.357,0.0977,-8.106,0.042,0
0.794,123.941,0.0,0.793,0.0125,0.677,0.0952,-4.521,0.0842,0
0.815,151.891,0.0,0.518,0.223,0.877,0.104,-6.594,0.0897,0
0.572,127.19,0.0,0.742,0.245,0.376,0.108,-4.589,0.0347,0
0.627,139.994,0.00077,0.446,0.308,0.11,0.111,-9.477,0.0332,0
0.397,175.562,0.0,0.524,0.607,0.343,0.157,-5.846,0.103,0
0.591,104.003,0.0,0.702,0.225,0.501,0.414,-5.59,0.0289,0
0.629,113.95,4.34e-05,0.82,0.0142,0.329,0.039,-5.651,0.0543,0
0.78,92.107,0.0,0.261,0.332,0.639,0.238,-9.626,0.0488,0
0.443,147.589,0.0,0.582,0.0301,0.239,0.127,-6.02,0.0482,0
0.59,107.356,0.0,0.642,0.0771,0.651,0.105,-3.87,0.122,0
0.511,109.022,6.63e-06,0.747,0.0393,0.564,0.028,-5.904,0.124,0
0.741,102.998,1.97e-06,0.52,0.45,0.347,0.222,-7.513,0.0656,0
0.529,74.619,0.0,0.496,0.214,0.588,0.212,-6.668,0.151,0
0.547,118.118,0.0,0.795,0.145,0.723,0.11,-3.721,0.0489,0
0.278,178.346,5.78e-06,0.931,0.00525,0.167,0.144,-3.719,0.121,0
0.668,95.927,0.0,0.892,0.298,0.478,0.735,-3.001,0.0645,0
0.654,89.991,0.0,0.63,0.153,0.43,0.111,-4.644,0.0259,0
0.673,96.964,0.0,0.687,0.269,0.524,0.181,-5.295,0.0623,0
0.638,129.856,0.0,0.688,0.00775,0.434,0.126,-4.056,0.0407,0
0.362,166.31,0.0,0.708,0.0226,0.513,0.0873,-4.046,0.0672,0
0.561,76.826,0.0,0.597,0.286,0.355,0.0979,-6.0,0.0405,0
0.485,87.009,0.0,0.461,0.44,0.324,0.232,-5.646,0.0444,0
0.795,94.01,0.0,0.496,0.108,0.874,0.0645,-5.883,0.0722,0
0.591,109.034,0.0,0.841,0.0119,0.392,0.395,-4.351,0.0304,0
0.503,107.975,0.00162,0.808,0.0254,0.283,0.557,-5.051,0.045,0
0.532,130.013,0.000222,0.66,0.105,0.676,0.0996,-7.138,0.0825,0
0.384,179.823,2.24e-06,0.689,0.0217,0.702,0.204,-5.598,0.197,0
0.579,95.094,4.31e-06,0.832,0.119,0.337,0.167,-5.635,0.0535,0
0.429,97.954,0.0,0.553,0.458,0.382,0.0766,-4.838,0.0669,0
0.693,103.952,6.05e-06,0.678,0.0154,0.404,0.101,-7.159,0.0324,0
0.824,98.027,0.000104,0.588,0.692,0.513,0.149,-6.4,0.0924,0
0.852,113.039,1.03e-06,0.698,0.00839,0.324,0.0773,-7.206,0.0629,0
0.764,91.019,0.0,0.32,0.837,0.575,0.0822,-7.209,0.0546,0
0.727,106.033,4.27e-05,0.797,0.311,0.6,0.0922,-7.956,0.0454,0
0.559,117.914,0.0,0.915,0.222,0.361,0.113,-4.811,0.132,0
0.693,117.999,0.0,0.575,0.374,0.492,0.252,-6.998,0.0801,0
0.759,121.049,0.0,0.605,0.156,0.64,0.694,-7.737,0.0433,0
0.77,99.991,0.0,0.882,0.194,0.385,0.316,-4.792,0.0602,0
0.394,151.912,0.0,0.718,0.706,0.247,0.116,-6.336,0.0607,0
0.672,116.945,0.00047,0.752,0.0046,0.429,0.056,-4.866,0.0843,0
0.728,137.97,2.08e-05,0.701,0.0945,0.413,0.181,-6.58,0.0406,0
0.843,168.983,0.0,0.741,0.0252,0.68,0.096,-5.609,0.334,0
0.911,149.996,3.68e-05,0.637,0.0409,0.66,0.238,-8.381,0.447,0
0.916,142.12,1.74e-06,0.682,0.0629,0.67,0.0801,-3.965,0.334,0
0.863,163.991,0.0,0.633,0.0118,0.545,0.285,-5.002,0.287,0
0.751,84.976,0.0,0.604,0.00134,0.262,0.127,-4.787,0.194,0
0.879,106.043,0.0,0.499,0.24,0.405,0.0967,-6.027,0.18,0
0.881,139.977,0.0,0.781,0.0523,0.659,0.0928,-4.932,0.184,0
0.617,135.781,1.1e-06,0.525,0.554,0.377,0.135,-10.426,0.12,0
0.815,96.982,0.000102,0.513,0.0145,0.17,0.14,-8.363,0.244,0
0.865,75.971,0.0,0.408,0.0127,0.184,0.0989,-10.281,0.464,0
0.87,160.064,0.0,0.754,0.0663,0.689,0.11,-4.654,0.288,0
0.962,123.998,0.000133,0.352,0.367,0.28,0.124,-7.863,0.566,0
0.742,174.019,0.0,0.731,0.0851,0.547,0.131,-4.362,0.306,0
0.518,134.965,0.0,0.702,0.128,0.878,0.075,-6.91,0.208,0
0.656,111.804,0.00102,0.453,0.307,0.0407,0.113,-5.395,0.0351,0
0.679,152.001,0.0,0.728,0.159,0.46,0.107,-3.092,0.154,0
0.649,106.626,0.0,0.676,0.437,0.408,0.118,-3.795,0.152,0
0.831,108.042,0.0,0.627,0.276,0.76,0.199,-6.614,0.176,0
0.783,157.056,0.0,0.745,0.238,0.371,0.155,-4.798,0.27,0
0.771,140.088,0.0,0.71,0.24,0.447,0.129,-5.246,0.332,0
0.879,162.021,0.0,0.608,0.00268,0.522,0.143,-4.994,0.304,0
0.787,110.962,3.57e-06,0.673,0.256,0.786,0.0904,-4.577,0.158,0
0.568,179.985,0.0,0.764,0.217,0.625,0.0931,-3.465,0.255,0
0.843,127.004,6.62e-06,0.597,0.0715,0.56,0.104,-6.452,0.0635,0
0.933,106.01,0.0,0.556,0.00438,0.504,0.114,-6.115,0.216,0
0.686,90.634,0.0,0.614,0.103,0.355,0.0888,-7.897,0.36,0
0.42,95.575,0.0,0.731,0.233,0.588,0.196,-2.657,0.0548,0
0.572,128.331,0.0,0.519,0.536,0.35,0.102,-7.092,0.212,0
0.834,150.126,0.0,0.531,0.0662,0.415,0.136,-5.708,0.36,0
0.941,100.986,4.47e-06,0.672,0.0211,0.511,0.118,-6.053,0.214,0
0.904,135.06,0.0,0.564,0.00944,0.418,0.123,-6.323,0.295,0
0.916,100.002,0.0,0.767,0.207,0.393,0.278,-4.023,0.177,0
0.893,133.018,0.000121,0.579,0.0641,0.611,0.215,-8.995,0.113,0
0.845,160.091,0.000432,0.446,0.00272,0.801,0.328,-9.866,0.365,0
0.895,100.035,0.0,0.277,0.0144,0.176,0.0959,-8.863,0.0869,0
0.924,99.997,1.61e-06,0.642,0.0195,0.376,0.101,-5.262,0.0843,0
0.764,155.109,0.0,0.54,0.245,0.541,0.0846,-8.73,0.224,0
0.828,136.081,2.18e-06,0.41,0.0121,0.532,0.318,-11.852,0.376,0
0.88,153.871,0.000695,0.464,0.00454,0.624,0.097,-7.213,0.392,0
0.573,97.327,0.0,0.747,0.275,0.43,0.147,-4.558,0.196,0
0.836,190.088,0.0,0.782,0.0182,0.556,0.1,-6.295,0.408,0
0.903,155.964,0.0,0.615,0.0369,0.886,0.0823,-6.121,0.377,0
0.726,115.918,0.0,0.408,0.603,0.459,0.225,-6.606,0.0614,0
0.963,131.932,0.0,0.434,0.037,0.645,0.0898,-8.241,0.263,0
0.808,94.864,0.0,0.905,0.0191,0.745,0.226,-4.252,0.383,0
0.75,127.126,0.000191,0.465,0.128,0.205,0.134,-9.051,0.158,0
0.863,75.041,0.0,0.468,0.164,0.725,0.107,-9.693,0.498,0
0.701,99.956,0.0,0.778,0.125,0.609,0.0828,-5.076,0.201,0
0.685,95.518,0.0,0.667,0.0564,0.643,0.115,-3.837,0.0365,0
0.674,145.965,0.0,0.506,0.173,0.183,0.0866,-10.532,0.0434,0
0.834,155.008,0.0,0.73,0.00513,0.446,0.124,-3.714,0.222,0
0.8,143.01,0.0,0.578,0.00381,0.367,0.359,-5.144,0.0485,0
0.678,186.005,6.35e-06,0.588,0.141,0.486,0.137,-7.015,0.276,0
0.826,91.999,4.89e-05,0.504,0.152,0.509,0.369,-7.355,0.14,0
0.889,96.056,0.0,0.816,0.472,0.777,0.204,-4.67,0.247,0
0.638,84.978,0.0,0.708,0.0973,0.606,0.177,-5.342,0.0754,0
0.592,179.853,0.0,0.634,0.358,0.741,0.121,-4.199,0.262,0
0.835,91.03,6e-05,0.626,0.0589,0.35,0.396,-5.833,0.125,0
0.439,151.964,1.19e-06,0.755,0.000531,0.333,0.209,-5.277,0.0379,0
0.752,136.041,9.11e-06,0.488,0.297,0.533,0.0936,-7.05,0.0705,0
0.58,86.938,0.0,0.75,0.159,0.728,0.274,-4.421,0.194,0
0.597,92.035,0.0,0.517,0.179,0.412,0.307,-6.963,0.365,0
0.816,136.048,0.0,0.726,0.099,0.65,0.372,-3.998,0.129,0
0.736,140.141,0.0,0.74,0.515,0.803,0.0468,-2.18,0.0786,0
0.706,91.031,0.0,0.751,0.173,0.195,0.168,-6.323,0.0708,0
0.638,97.021,0.000384,0.738,0.117,0.657,0.689,-4.976,0.0292,0
0.652,95.961,0.0,0.912,0.281,0.963,0.28,-6.565,0.0485,0
0.537,136.634,9.75e-05,0.462,0.574,0.356,0.108,-7.501,0.0289,0
0.889,110.565,0.000788,0.441,0.0405,0.963,0.038,-9.506,0.0379,0
0.797,108.57,0.000996,0.415,0.362,0.736,0.0357,-12.309,0.0325,0
0.531,177.67,1.28e-05,0.577,0.117,0.498,0.0896,-9.363,0.0315,0
0.842,95.881,4.82e-06,0.801,0.157,0.617,0.0642,-4.167,0.228,0
0.853,134.066,0.0,0.56,0.013,0.86,0.0944,-4.961,0.0406,0
0.684,95.985,0.0,0.905,0.285,0.492,0.525,-3.187,0.0765,0
0.566,156.937,0.00103,0.883,0.0115,0.483,0.317,-7.117,0.0374,0
0.583,174.028,0.0,0.829,0.00864,0.575,0.0426,-4.603,0.134,0
0.773,101.143,0.000354,0.794,0.527,0.907,0.113,-4.954,0.0326,0
0.442,89.338,0.0,0.83,0.128,0.578,0.129,-4.02,0.146,0
0.874,106.023,0.0,0.497,0.22,0.542,0.0761,-5.484,0.0562,0
0.551,127.657,0.000257,0.947,0.000652,0.466,0.0637,-4.671,0.152,0
0.908,112.238,0.0,0.669,0.00286,0.662,0.237,-2.827,0.0738,0
0.894,105.018,0.0,0.791,0.0183,0.583,0.0388,-4.699,0.112,0
0.593,124.046,0.0,0.349,0.722,0.218,0.133,-6.894,0.0284,0
0.61,87.379,0.0,0.471,0.0634,0.63,0.118,-9.151,0.0261,0
0.6,140.123,7.1e-05,0.931,0.0296,0.542,0.392,-4.647,0.0734,0
0.674,129.951,1.52e-06,0.774,0.325,0.702,0.323,-6.004,0.0349,0
0.746,153.897,4.02e-05,0.978,0.0555,0.652,0.026,-5.324,0.0978,0
0.775,166.008,7.26e-05,0.679,0.18,0.619,0.068,-4.985,0.135,0
0.469,124.193,0.00201,0.537,0.0241,0.783,0.269,-10.421,0.152,0
0.817,94.001,0.000132,0.714,0.184,0.714,0.042,-7.501,0.141,0
0.755,93.973,0.0,0.789,0.231,0.737,0.351,-4.502,0.146,0
0.582,205.846,0.0,0.272,0.875,0.354,0.13,-5.662,0.0501,0
0.574,76.899,0.0,0.512,0.234,0.512,0.0946,-6.664,0.0503,0
0.879,79.956,0.0,0.234,0.28,0.479,0.191,-12.293,0.352,0
0.774,100.041,3.12e-05,0.626,0.0969,0.777,0.0848,-4.432,0.0432,0
0.647,79.974,0.0,0.514,0.0655,0.387,0.398,-10.05,0.0593,0
0.794,94.017,0.0,0.735,0.176,0.777,0.118,-3.412,0.0757,0
0.445,139.583,0.000742,0.318,0.655,0.189,0.0901,-9.728,0.0275,0
0.623,116.593,8.65e-05,0.425,0.306,0.392,0.108,-13.045,0.0291,0
0.513,171.017,0.000209,0.796,0.00147,0.345,0.0938,-4.075,0.0629,0
0.48,83.026,0.0,0.645,0.156,0.54,0.0747,-4.302,0.252,0
0.761,105.979,0.0,0.607,0.00277,0.71,0.132,-6.274,0.0964,0
0.695,103.014,0.0,0.883,0.0533,0.907,0.213,-2.286,0.0778,0
0.573,120.077,0.0,0.739,0.212,0.363,0.175,-5.455,0.0581,0
0.726,128.02,2.64e-06,0.763,0.524,0.516,0.0943,-6.872,0.0882,0
0.65,118.966,0.000492,0.625,0.00536,0.296,0.119,-10.122,0.0359,0
0.548,95.39,0.0,0.816,0.122,0.557,0.335,-4.209,0.0465,0
0.593,123.76,0.0,0.877,0.123,0.635,0.503,-3.825,0.0677,0
0.686,123.032,1.33e-06,0.83,0.0948,0.486,0.182,-4.437,0.0369,0
0.766,122.012,1.81e-06,0.548,0.0263,0.552,0.21,-7.834,0.0373,0
0.878,112.022,0.0,0.525,0.183,0.694,0.0714,-6.832,0.0578,0
0.584,117.817,0.0,0.607,0.426,0.374,0.101,-6.605,0.0356,0
0.745,118.97,2.08e-05,0.555,0.6,0.673,0.262,-6.806,0.052,0
0.693,95.972,0.0,0.674,0.185,0.378,0.0639,-4.449,0.0723,0
0.654,120.019,0.0,0.795,0.178,0.465,0.19,-4.419,0.0536,0
0.643,108.992,0.0,0.768,0.174,0.597,0.469,-4.316,0.0455,0
0.741,125.962,0.0,0.733,0.143,0.549,0.103,-4.572,0.0367,0
0.617,168.12,0.0,0.837,0.0842,0.8,0.344,-5.574,0.115,0
0.764,110.006,0.0,0.573,0.109,0.685,0.324,-4.385,0.0484,0
0.629,95.961,1.6e-06,0.866,0.00903,0.353,0.245,-4.469,0.0732,0
0.579,126.007,0.00359,0.804,0.0304,0.137,0.105,-4.618,0.028,0
0.758,120.964,0.0,0.742,0.0824,0.648,0.0391,-5.73,0.043,0
0.732,145.034,0.0,0.856,0.0828,0.771,0.323,-2.2,0.0929,0
0.611,122.983,1.84e-05,0.651,0.148,0.357,0.105,-6.973,0.0587,0
0.868,126.976,1.69e-05,0.862,0.0228,0.623,0.0898,-4.863,0.0812,0
0.513,139.987,0.0,0.788,0.00968,0.234,0.11,-4.629,0.0364,0
0.721,124.065,0.0,0.785,0.248,0.709,0.516,-3.496,0.0572,0
0.794,123.941,0.0,0.793,0.0125,0.677,0.0952,-4.521,0.0842,0
0.815,151.891,0.0,0.518,0.223,0.877,0.104,-6.594,0.0897,0
0.7,125.03,7.08e-06,0.872,0.121,0.761,0.103,-5.896,0.0666,0
0.781,103.024,4.67e-06,0.668,0.149,0.754,0.152,-8.36,0.0645,0
0.847,119.961,0.0,0.667,0.195,0.854,0.249,-6.273,0.156,0
0.421,175.788,0.0,0.669,0.151,0.326,0.635,-4.724,0.127,0
0.774,119.964,6.11e-06,0.747,0.0241,0.833,0.342,-3.908,0.082,0
0.654,123.978,0.0,0.787,0.00515,0.409,0.144,-4.999,0.0502,0
0.81,116.019,6.69e-05,0.7,0.267,0.193,0.137,-5.664,0.0399,0
0.591,104.003,0.0,0.702,0.225,0.501,0.414,-5.59,0.0289,0
0.733,102.011,0.0,0.717,0.136,0.491,0.108,-6.065,0.0465,0
0.685,105.054,0.0,0.75,0.0436,0.688,0.272,-4.818,0.0837,0
0.891,130.079,0.0,0.484,0.323,0.735,0.109,-10.029,0.0822,0
0.635,99.942,0.0,0.837,0.25,0.668,0.0813,-3.943,0.108,0
0.666,114.963,0.0,0.435,0.369,0.6,0.106,-8.089,0.0391,0
0.483,96.028,0.0,0.667,0.0715,0.64,0.0676,-6.243,0.0912,0
0.661,113.778,1.23e-05,0.723,0.179,0.316,0.14,-6.976,0.0566,0
0.503,116.524,5.85e-05,0.754,0.264,0.597,0.297,-3.634,0.0424,0
0.818,128.136,1.17e-05,0.823,0.0663,0.52,0.133,-3.563,0.2,0
0.454,104.7,0.00014,0.717,0.034,0.477,0.0861,-4.341,0.227,0
0.664,150.093,0.0,0.561,0.00261,0.713,0.0764,-7.031,0.0495,0
0.722,124.909,2.51e-05,0.812,0.0205,0.657,0.131,-3.352,0.0924,0
0.7,103.039,8.03e-06,0.904,0.0531,0.347,0.105,-4.03,0.0431,0
0.757,128.002,1.74e-05,0.866,0.0365,0.503,0.182,-3.045,0.0694,0
0.81,135.991,0.000172,0.788,0.267,0.845,0.196,-3.663,0.0447,0
0.638,100.027,0.0,0.717,0.346,0.249,0.105,-4.722,0.0337,0
0.67,88.033,0.0,0.668,0.536,0.608,0.133,-4.306,0.0422,0
0.726,104.976,0.0,0.781,0.139,0.579,0.274,-4.276,0.0525,0
0.706,104.023,0.0,0.865,0.385,0.381,0.163,-1.749,0.0649,0
0.537,90.083,0.0,0.837,0.19,0.533,0.348,-4.477,0.039,0
0.706,105.977,0.0,0.68,0.118,0.728,0.0443,-4.65,0.0424,0
0.547,118.118,0.0,0.795,0.145,0.723,0.11,-3.721,0.0489,0
0.668,95.927,0.0,0.892,0.298,0.478,0.735,-3.001,0.0645,0
0.601,119.964,0.0,0.775,0.269,0.483,0.0883,-4.612,0.0473,0
0.702,114.068,0.0,0.684,0.101,0.625,0.0646,-5.669,0.035,0
0.51,119.951,0.00025,0.71,0.442,0.511,0.0783,-7.516,0.0874,0
0.703,111.943,0.0,0.748,0.123,0.625,0.0642,-6.047,0.0435,0
0.674,105.975,0.000176,0.698,0.636,0.45,0.172,-6.371,0.0288,0
0.693,75.014,0.0,0.604,0.0668,0.651,0.114,-5.279,0.0427,0
0.734,110.021,0.0,0.693,0.0878,0.55,0.341,-6.474,0.0361,0
0.793,100.036,0.0,0.714,0.156,0.794,0.136,-7.562,0.193,0
0.56,159.915,0.00315,0.723,0.175,0.282,0.149,-6.263,0.0459,0
0.588,118.159,3.33e-06,0.67,0.0104,0.505,0.338,-6.439,0.0473,0
0.646,142.364,0.0,0.618,0.323,0.46,0.0938,-4.938,0.0349,0
0.646,129.916,0.0,0.761,0.0714,0.472,0.222,-2.557,0.0385,0
0.407,92.933,0.0,0.789,0.17,0.687,0.126,-4.229,0.282,0
0.733,102.999,0.0013,0.786,0.0931,0.786,0.1,-7.494,0.0422,0
0.574,144.111,0.0,0.758,0.0969,0.492,0.395,-5.029,0.0621,0
0.64,92.977,0.0,0.648,0.124,0.548,0.0802,-8.113,0.187,0
0.638,129.856,0.0,0.688,0.00775,0.434,0.126,-4.056,0.0407,0
0.625,108.038,0.0,0.871,0.0646,0.448,0.885,-3.707,0.0532,0
0.581,120.115,2.52e-06,0.852,0.0233,0.43,0.419,-4.744,0.129,0
0.813,128.02,0.0,0.671,0.00642,0.62,0.276,-6.84,0.0343,0
0.669,119.865,0.0,0.797,0.259,0.552,0.199,-5.68,0.0624,0
0.707,112.993,0.00283,0.67,0.164,0.822,0.109,-6.137,0.0323,0
0.786,92.09,0.0,0.62,0.0718,0.652,0.0625,-7.709,0.163,0
0.745,99.962,0.0,0.719,0.0352,0.611,0.0639,-4.291,0.19,0
0.734,101.943,0.0,0.663,0.28,0.256,0.12,-7.292,0.185,0
0.647,114.996,0.0,0.726,0.157,0.767,0.0844,-4.389,0.0552,0
0.706,107.184,0.0,0.855,0.0911,0.293,0.347,-5.377,0.215,0
0.704,103.018,0.0,0.719,0.42,0.33,0.18,-4.05,0.0343,0
0.779,104.993,2.56e-06,0.342,0.701,0.482,0.132,-6.316,0.0404,0
0.797,98.002,0.0,0.694,0.164,0.847,0.0703,-3.979,0.234,0
0.637,120.107,3.77e-06,0.782,0.0351,0.319,0.173,-4.548,0.0413,0
0.784,105.981,1.59e-05,0.845,0.286,0.888,0.074,-2.793,0.0596,0
0.485,87.009,0.0,0.461,0.44,0.324,0.232,-5.646,0.0444,0
0.598,138.091,0.0,0.904,0.331,0.503,0.264,-2.293,0.0507,0
0.878,116.042,0.0,0.48,0.105,0.83,0.102,-7.089,0.0544,0
0.795,94.01,0.0,0.496,0.108,0.874,0.0645,-5.883,0.0722,0
0.623,121.98,0.0,0.681,0.139,0.453,0.0946,-3.49,0.0268,0
0.683,122.997,1.34e-05,0.785,0.0643,0.581,0.177,-4.879,0.037,0
0.6,71.912,4.7e-06,0.535,0.648,0.269,0.162,-7.043,0.107,0
0.631,124.007,0.836,0.951,0.108,0.703,0.173,-6.203,0.0439,0
0.539,123.996,0.717,0.912,0.0069,0.247,0.239,-7.828,0.0319,0
0.747,122.994,0.486,0.865,0.00915,0.935,0.0425,-8.094,0.0351,0
0.828,130.007,0.693,0.903,0.00339,0.96,0.256,-5.241,0.0935,0
0.675,126.023,0.0413,0.811,0.00301,0.271,0.126,-6.966,0.0629,0
0.593,123.76,0.0,0.877,0.123,0.635,0.503,-3.825,0.0677,0
0.596,123.987,3.08e-06,0.907,0.0589,0.263,0.295,-5.447,0.0477,0
0.667,125.886,0.0,0.818,0.0156,0.186,0.132,-5.298,0.085,0
0.495,123.003,0.00731,0.841,0.0108,0.362,0.181,-7.857,0.0317,0
0.567,104.983,1.37e-06,0.946,0.0978,0.295,0.0836,-2.245,0.0541,0
0.489,125.003,9.76e-06,0.739,0.0573,0.472,0.105,-5.049,0.0397,0
0.706,119.992,3.51e-05,0.886,0.0444,0.554,0.269,-4.945,0.0447,0
0.794,124.016,0.000166,0.732,0.0268,0.398,0.0766,-7.544,0.0491,0
0.762,123.012,0.542,0.75,0.00184,0.439,0.28,-5.361,0.0481,0
0.554,126.027,0.924,0.979,0.00889,0.77,0.101,-5.504,0.0433,0
0.642,124.004,0.878,0.942,0.00395,0.182,0.314,-5.463,0.0771,0
0.581,124.96,0.000112,0.888,0.00156,0.291,0.0988,-6.369,0.0382,0
0.662,114.914,0.0,0.711,0.0495,0.557,0.0691,-5.171,0.226,0
0.613,126.01,0.000246,0.918,0.025,0.565,0.0356,-4.436,0.124,0
0.703,124.043,2.76e-06,0.874,0.145,0.623,0.115,-3.563,0.0374,0
0.721,124.065,0.0,0.785,0.248,0.709,0.516,-3.496,0.0572,0
0.622,121.968,0.746,0.859,0.000609,0.442,0.0909,-7.626,0.0636,0
0.788,124.039,0.237,0.793,0.23,0.752,0.106,-3.568,0.0336,0
0.664,126.036,0.0,0.87,0.0661,0.579,0.305,-3.651,0.0605,0
0.792,123.992,0.651,0.832,0.0124,0.71,0.912,-4.127,0.0624,0
0.72,124.08,2.22e-05,0.803,0.307,0.747,0.157,-4.74,0.0388,0
0.754,124.999,0.0,0.908,0.00338,0.695,0.0804,-3.346,0.0648,0
0.847,126.035,0.494,0.934,0.00783,0.863,0.0797,-5.381,0.0442,0
0.618,124.974,3.98e-05,0.895,0.0142,0.398,0.315,-5.272,0.041,0
0.622,124.976,0.000112,0.796,0.000408,0.41,0.135,-4.557,0.197,0
0.829,123.04,8.3e-05,0.936,0.0277,0.353,0.0669,-4.194,0.118,0
0.77,123.969,0.006,0.745,0.034,0.866,0.0271,-6.489,0.125,0
0.651,126.004,0.036,0.905,0.0377,0.652,0.181,-4.747,0.0379,0
0.585,125.981,0.873,0.707,0.00492,0.37,0.111,-12.517,0.0367,0
0.662,118.958,0.0,0.823,0.073,0.435,0.0833,-4.7,0.0971,0
0.748,125.036,0.66,0.687,0.0168,0.123,0.101,-7.416,0.228,0
0.484,128.044,0.000269,0.816,0.000138,0.207,0.348,-5.74,0.0428,0
0.642,125.07,0.00078,0.883,0.00228,0.317,0.102,-4.607,0.0413,0
0.619,124.106,0.0,0.71,0.136,0.359,0.151,-3.058,0.0403,0
0.554,126.975,0.0,0.864,0.00166,0.305,0.119,-4.403,0.0889,0
0.759,125.054,0.0,0.817,0.0126,0.608,0.269,-6.544,0.0431,0
0.613,126.001,0.049,0.982,0.0142,0.832,0.228,-6.074,0.0543,0
0.638,127.012,0.0336,0.889,0.0476,0.511,0.24,-5.276,0.127,0
0.615,125.993,0.00273,0.935,0.0256,0.507,0.38,-3.411,0.156,0
0.631,105.045,0.0,0.722,0.311,0.443,0.153,-3.031,0.0324,0
0.507,130.002,0.161,0.883,0.0493,0.286,0.169,-2.68,0.0364,0
0.547,122.078,1.84e-05,0.892,0.0729,0.745,0.308,-1.591,0.0745,0
0.746,125.013,0.00322,0.895,0.215,0.701,0.0962,-7.379,0.0431,0
0.745,125.036,0.000496,0.929,0.118,0.302,0.609,-3.191,0.153,0
0.6,113.967,0.0,0.871,0.35,0.511,0.0584,-4.527,0.0492,0
0.679,123.96,7.44e-06,0.73,0.0967,0.587,0.468,-4.727,0.0498,0
0.763,123.977,0.17,0.948,0.251,0.729,0.049,-5.203,0.0671,0
0.646,129.916,0.0,0.761,0.0714,0.472,0.222,-2.557,0.0385,0
0.6,125.864,0.0,0.901,0.0657,0.148,0.0935,-5.526,0.0983,0
0.734,124.018,0.738,0.776,0.00894,0.793,0.0916,-7.717,0.0992,0
0.846,124.001,0.935,0.948,0.00017,0.813,0.628,-6.224,0.0676,0
0.797,121.979,0.101,0.827,0.0334,0.68,0.288,-5.607,0.0418,0
0.493,126.045,0.238,0.886,7.68e-05,0.0628,0.398,-6.986,0.0326,0
0.487,122.978,0.355,0.846,0.225,0.367,0.41,-4.016,0.0555,0
0.683,122.997,1.34e-05,0.785,0.0643,0.581,0.177,-4.879,0.037,0
0.738,126.994,0.000121,0.932,0.074,0.624,0.0623,-1.898,0.0959,0
0.458,138.101,0.000776,0.977,0.00095,0.202,0.359,-4.453,0.122,0
0.534,126.984,0.771,0.961,0.000847,0.24,0.294,-5.713,0.0525,0
0.749,124.001,0.882,0.78,4.71e-05,0.242,0.0903,-6.287,0.0822,0
0.63,122.005,5.69e-05,0.919,0.0267,0.764,0.276,-5.588,0.0451,0
0.634,123.995,1.98e-05,0.95,0.0566,0.653,0.787,-3.59,0.0728,0
0.695,112.949,9.94e-05,0.869,0.0439,0.32,0.167,-3.844,0.0637,0
0.674,123.004,0.0643,0.862,0.00123,0.806,0.298,-6.431,0.0344,0
0.913,123.025,0.0839,0.646,0.00112,0.776,0.0617,-7.532,0.126,0
0.56,131.995,0.444,0.776,0.00452,0.226,0.117,-6.882,0.0378,0
0.541,126.016,0.578,0.931,0.000461,0.295,0.335,-5.664,0.067,0
0.506,126.008,0.00193,0.805,0.00711,0.383,0.0856,-4.119,0.0469,0
0.838,121.997,0.332,0.88,0.0023,0.743,0.0447,-6.3,0.044,0
0.682,123.985,7.63e-05,0.697,0.0597,0.487,0.0943,-6.238,0.0511,0
0.619,126.023,0.00603,0.893,0.104,0.695,0.132,-3.435,0.0814,0
0.787,123.997,0.323,0.96,0.0188,0.663,0.0333,-3.808,0.181,0
0.739,126.999,0.629,0.9,0.00182,0.474,0.0566,-4.866,0.0463,0
0.788,123.998,0.609,0.864,0.000961,0.825,0.103,-4.173,0.0496,0
0.693,103.952,6.05e-06,0.678,0.0154,0.404,0.101,-7.159,0.0324,0
0.664,125.913,0.000687,0.794,0.00299,0.518,0.622,-4.861,0.106,0
0.663,127.988,0.00255,0.884,0.0841,0.693,0.128,-4.391,0.0429,0
0.73,125.028,0.000169,0.833,0.261,0.296,0.122,-5.303,0.0587,0
0.748,115.018,0.0,0.903,0.0324,0.751,0.106,-5.877,0.0385,0
0.69,124.273,0.0,0.757,0.533,0.581,0.202,-5.16,0.244,0
0.903,122.007,0.0405,0.839,0.000538,0.634,0.0537,-6.462,0.0879,0
0.619,121.985,0.021,0.852,0.00681,0.209,0.108,-7.096,0.0341,0
0.603,117.999,1.08e-05,0.884,0.113,0.761,0.322,-5.127,0.0362,0
0.483,128.271,0.0,0.739,0.00496,0.0765,0.206,-4.526,0.0487,0
0.723,124.996,0.845,0.673,0.000367,0.236,0.1,-6.353,0.0454,0
0.64,124.984,0.124,0.895,0.0164,0.839,0.0805,-9.037,0.0486,0
0.608,123.011,0.203,0.879,0.000372,0.96,0.0794,-7.053,0.0302,0
0.66,128.011,0.762,0.949,0.00325,0.0598,0.358,-5.149,0.0469,0
0.757,121.009,1.82e-05,0.789,0.0358,0.896,0.0447,-5.14,0.0922,0
0.515,128.037,1.72e-05,0.871,0.000214,0.277,0.532,-3.535,0.0565,0
0.729,121.97,0.00118,0.899,0.0215,0.623,0.116,-4.757,0.191,0
0.71,125.063,0.000836,0.915,0.00055,0.532,0.338,-2.804,0.0974,0
0.625,128.035,0.631,0.915,0.0104,0.395,0.38,-3.401,0.0361,0
0.496,126.017,0.953,0.966,0.00611,0.0615,0.0671,-3.568,0.0407,0
0.747,122.003,0.761,0.946,0.00562,0.762,0.35,-7.297,0.0967,0
0.581,124.986,0.000762,0.767,0.00502,0.592,0.262,-6.808,0.0652,0
0.56,112.96,0.0,0.936,0.00847,0.371,0.161,-5.835,0.0439,0
0.828,120.151,0.00428,0.492,0.0644,0.789,0.128,-9.744,0.0276,0
0.665,132.642,7.62e-06,0.673,0.259,0.779,0.497,-7.95,0.0493,0
0.751,108.97,1.83e-05,0.708,0.0481,0.509,0.107,-5.645,0.0545,0
0.626,73.068,0.000206,0.349,0.791,0.501,0.119,-11.239,0.0323,0
0.597,167.963,0.0,0.643,0.5,0.823,0.0435,-6.303,0.134,0
0.608,132.699,1.41e-06,0.768,0.101,0.748,0.0942,-9.911,0.0364,0
0.705,118.552,0.0133,0.743,0.432,0.374,0.103,-6.631,0.042,0
0.601,136.571,6.25e-06,0.532,0.432,0.341,0.0925,-9.119,0.0286,0
0.579,205.903,0.0,0.268,0.868,0.321,0.12,-5.65,0.0442,0
0.541,155.582,0.00158,0.81,0.000975,0.647,0.0681,-11.745,0.0367,0
0.712,98.601,0.0201,0.905,0.0691,0.942,0.499,-5.774,0.042,0
0.715,125.275,1.95e-05,0.625,0.396,0.826,0.134,-11.369,0.0601,0
0.414,159.375,0.000223,0.161,0.883,0.423,0.117,-22.32,0.0318,0
0.414,145.075,0.000243,0.428,0.382,0.282,0.148,-11.097,0.0278,0
0.799,104.284,0.000105,0.878,0.189,0.816,0.14,-7.109,0.0434,0
0.596,83.293,5.3e-06,0.448,0.365,0.796,0.206,-9.616,0.0396,0
0.731,107.383,0.00028,0.804,0.172,0.957,0.0685,-7.621,0.0473,0
0.693,125.895,0.000107,0.911,0.183,0.982,0.3,-3.691,0.0305,0
0.676,86.338,0.0,0.245,0.677,0.532,0.319,-14.27,0.0299,0
0.741,131.097,0.00139,0.647,0.108,0.804,0.0555,-12.878,0.0427,0
0.688,131.705,0.0,0.706,0.0752,0.842,0.0924,-7.925,0.042,0
0.543,100.804,0.000939,0.87,0.358,0.754,0.792,-6.514,0.0428,0
0.71,133.924,0.0136,0.774,0.141,0.966,0.0348,-9.335,0.0333,0
0.356,148.017,0.0,0.924,0.00101,0.232,0.0953,-3.74,0.0808,0
0.59,111.353,5.57e-06,0.828,0.277,0.636,0.0868,-6.28,0.0439,0
0.728,79.526,0.000532,0.974,0.103,0.965,0.175,-2.261,0.0665,0
0.631,122.429,0.137,0.932,0.0436,0.971,0.0918,-4.142,0.0354,0
0.583,103.286,0.000387,0.79,0.0851,0.714,0.11,-4.885,0.0319,0
0.589,132.909,2.8e-05,0.384,0.112,0.354,0.0596,-15.075,0.0332,0
0.857,89.119,1.32e-05,0.468,0.00414,0.843,0.269,-8.53,0.0476,0
0.538,62.829,0.00017,0.127,0.589,0.527,0.238,-16.057,0.0284,0
0.555,129.607,1.16e-06,0.757,0.103,0.582,0.0631,-7.868,0.0601,0
0.618,124.218,0.000262,0.704,0.159,0.741,0.358,-4.686,0.0321,0
0.785,121.505,0.0,0.776,0.729,0.967,0.181,-5.259,0.0312,0
0.49,130.726,0.0,0.715,0.386,0.866,0.311,-5.549,0.0476,0
0.529,127.316,0.000685,0.768,0.00224,0.769,0.297,-5.51,0.0566,0
0.747,118.877,0.106,0.904,0.046,0.846,0.203,-2.623,0.0803,0
0.531,129.107,0.0926,0.805,0.0783,0.349,0.116,-7.127,0.0433,0
0.693,97.937,0.000175,0.565,0.194,0.692,0.0806,-12.583,0.0345,0
0.388,177.784,3.72e-06,0.338,0.652,0.477,0.248,-10.054,0.0328,0
0.466,108.016,0.0,0.615,0.413,0.812,0.343,-9.102,0.0492,0
0.671,92.717,7.95e-05,0.373,0.257,0.732,0.0481,-18.064,0.0323,0
0.749,120.983,1.08e-05,0.677,0.173,0.627,0.0612,-5.746,0.0335,0
0.727,104.413,5.46e-06,0.588,0.058,0.964,0.0414,-9.568,0.0253,0
0.725,136.282,0.127,0.853,0.0348,0.904,0.196,-7.842,0.0353,0
0.701,128.992,0.0,0.943,0.0747,0.791,0.601,-2.986,0.0456,0
0.647,94.01,0.0489,0.729,0.0206,0.687,0.134,-6.251,0.0236,0
0.774,118.015,1.85e-05,0.75,0.0021,0.925,0.0808,-4.927,0.0413,0
0.489,117.292,0.185,0.724,0.313,0.15,0.287,-8.367,0.0352,0
0.725,76.292,0.0,0.523,0.0783,0.95,0.0665,-9.593,0.324,0
0.675,103.683,0.000139,0.899,0.0696,0.91,0.33,-6.124,0.0418,0
0.795,95.593,0.000384,0.706,0.0172,0.623,0.326,-7.494,0.101,0
0.883,118.104,2.3e-06,0.664,0.225,0.8,0.941,-10.395,0.411,0
0.814,114.55,1.75e-05,0.373,0.602,0.632,0.0931,-8.017,0.116,0
0.739,96.038,1.34e-06,0.511,0.167,0.542,0.133,-7.844,0.0362,0
0.807,148.491,1.98e-06,0.487,0.0102,0.651,0.0501,-10.456,0.0758,0
0.255,164.267,1.87e-05,0.43,0.546,0.546,0.188,-12.564,0.0322,0
0.699,138.185,0.000763,0.812,0.0164,0.662,0.105,-6.005,0.0377,0
0.511,87.274,0.000157,0.56,0.00156,0.551,0.646,-10.429,0.0411,0
0.64,102.026,0.0,0.864,0.00832,0.7,0.123,-6.576,0.0315,0
0.653,114.37,0.0,0.677,0.249,0.888,0.403,-12.244,0.0396,0
0.586,135.448,0.000776,0.941,0.0167,0.831,0.068,-5.139,0.0375,0
0.66,111.346,0.0181,0.816,0.168,0.678,0.0608,-6.61,0.0299,0
0.803,106.841,0.038,0.338,0.196,0.912,0.097,-14.029,0.0349,0
0.588,106.938,0.0,0.568,0.16,0.952,0.0792,-9.766,0.0672,0
0.66,133.607,0.0,0.512,0.313,0.852,0.283,-7.183,0.0294,0
0.376,185.503,2.52e-06,0.67,0.0727,0.837,0.0718,-9.273,0.0854,0
0.739,107.115,0.0194,0.459,0.129,0.892,0.0474,-14.42,0.0294,0
0.518,118.738,0.00765,0.761,0.158,0.576,0.0715,-7.025,0.0452,0
0.59,132.966,0.0,0.737,0.404,0.877,0.108,-5.867,0.0384,0
0.749,167.084,0.137,0.484,0.13,0.939,0.0501,-9.944,0.0484,0
0.334,179.239,4.17e-06,0.477,0.618,0.405,0.312,-8.806,0.0276,0
0.557,129.171,0.00248,0.54,0.0339,0.394,0.179,-10.484,0.0347,0
0.573,84.412,0.00125,0.902,0.018,0.876,0.0928,-7.638,0.054,0
0.744,122.657,1.18e-05,0.568,0.186,0.687,0.163,-9.629,0.0494,0
0.579,104.564,0.0,0.419,0.625,0.673,0.0981,-10.72,0.0346,0
0.566,109.046,0.0,0.482,0.301,0.856,0.269,-13.047,0.0411,0
0.742,113.371,0.0,0.844,0.0838,0.85,0.418,-6.441,0.111,0
0.59,138.514,0.0,0.805,0.137,0.797,0.0996,-6.481,0.0371,0
0.789,92.311,0.0,0.683,0.48,0.882,0.35,-8.835,0.086,0
0.846,101.632,1.96e-06,0.595,0.0904,0.78,0.063,-8.372,0.0439,0
0.573,137.382,0.0,0.939,0.493,0.963,0.0994,-6.441,0.0808,0
0.563,156.271,0.000191,0.865,0.0472,0.601,0.77,-5.277,0.16,0
0.612,81.327,0.0,0.738,0.192,0.883,0.0779,-6.648,0.0479,0
0.67,98.185,0.00614,0.584,0.439,0.944,0.178,-8.325,0.034,0
0.519,138.162,0.00457,0.934,0.000312,0.586,0.137,-7.137,0.0471,0
0.523,128.064,0.0,0.762,0.0308,0.881,0.0675,-8.669,0.0346,0
0.676,91.98,0.0,0.577,0.186,0.934,0.148,-12.031,0.0365,0
0.671,113.809,0.0,0.711,0.422,0.466,0.104,-7.813,0.0478,0
0.372,174.53,0.0,0.865,0.000453,0.478,0.234,-4.918,0.0381,0
0.787,102.485,0.000171,0.655,0.238,0.65,0.138,-8.339,0.0431,0
0.639,97.874,0.0,0.923,0.0674,0.761,0.0879,-5.708,0.032,0
0.672,107.938,6.75e-05,0.738,0.0178,0.392,0.0927,-7.045,0.0506,0
0.648,100.437,0.000401,0.751,0.0182,0.863,0.0418,-8.582,0.0806,0
0.468,79.297,0.0,0.64,0.154,0.499,0.154,-5.862,0.0275,0
0.886,93.236,2.46e-06,0.491,0.29,0.971,0.229,-12.589,0.171,0
0.508,139.131,0.0,0.834,0.0183,0.774,0.0732,-6.205,0.0386,0
0.636,132.509,0.0015,0.684,0.52,0.881,0.534,-9.302,0.057,0
0.403,132.91,8.03e-06,0.495,0.387,0.38,0.147,-6.888,0.0312,0
